/root/xc/inst/lib/gcc/aarch64-pc-cygwin/15.0.1/../../../../aarch64-pc-cygwin/bin/ld: cannot export _sigfe__Exit: symbol not defined
/root/xc/inst/lib/gcc/aarch64-pc-cygwin/15.0.1/../../../../aarch64-pc-cygwin/bin/ld: cannot export _sigfe___chk_fail: symbol not defined
/root/xc/inst/lib/gcc/aarch64-pc-cygwin/15.0.1/../../../../aarch64-pc-cygwin/bin/ld: cannot export _sigfe___cpuset_alloc: symbol not defined
/root/xc/inst/lib/gcc/aarch64-pc-cygwin/15.0.1/../../../../aarch64-pc-cygwin/bin/ld: cannot export _sigfe___cpuset_free: symbol not defined
/root/xc/inst/lib/gcc/aarch64-pc-cygwin/15.0.1/../../../../aarch64-pc-cygwin/bin/ld: cannot export _sigfe_cygwin__cxa_atexit: symbol not defined
/root/xc/inst/lib/gcc/aarch64-pc-cygwin/15.0.1/../../../../aarch64-pc-cygwin/bin/ld: cannot export _sigfe___cxa_finalize: symbol not defined
/root/xc/inst/lib/gcc/aarch64-pc-cygwin/15.0.1/../../../../aarch64-pc-cygwin/bin/ld: cannot export _sigfe___dn_comp: symbol not defined
/root/xc/inst/lib/gcc/aarch64-pc-cygwin/15.0.1/../../../../aarch64-pc-cygwin/bin/ld: cannot export _sigfe___dn_expand: symbol not defined
/root/xc/inst/lib/gcc/aarch64-pc-cygwin/15.0.1/../../../../aarch64-pc-cygwin/bin/ld: cannot export _sigfe___dn_skipname: symbol not defined
/root/xc/inst/lib/gcc/aarch64-pc-cygwin/15.0.1/../../../../aarch64-pc-cygwin/bin/ld: cannot export _sigfe___eprintf: symbol not defined
/root/xc/inst/lib/gcc/aarch64-pc-cygwin/15.0.1/../../../../aarch64-pc-cygwin/bin/ld: cannot export _sigfe___fpurge: symbol not defined
/root/xc/inst/lib/gcc/aarch64-pc-cygwin/15.0.1/../../../../aarch64-pc-cygwin/bin/ld: cannot export _sigfe___fsetlocking: symbol not defined
/root/xc/inst/lib/gcc/aarch64-pc-cygwin/15.0.1/../../../../aarch64-pc-cygwin/bin/ld: cannot export _sigfe_getpagesize: symbol not defined
/root/xc/inst/lib/gcc/aarch64-pc-cygwin/15.0.1/../../../../aarch64-pc-cygwin/bin/ld: cannot export _sigfe___gets_chk: symbol not defined
/root/xc/inst/lib/gcc/aarch64-pc-cygwin/15.0.1/../../../../aarch64-pc-cygwin/bin/ld: cannot export _sigfe___opendir_with_d_ino: symbol not defined
/root/xc/inst/lib/gcc/aarch64-pc-cygwin/15.0.1/../../../../aarch64-pc-cygwin/bin/ld: cannot export _sigfe___res_close: symbol not defined
/root/xc/inst/lib/gcc/aarch64-pc-cygwin/15.0.1/../../../../aarch64-pc-cygwin/bin/ld: cannot export _sigfe___res_init: symbol not defined
/root/xc/inst/lib/gcc/aarch64-pc-cygwin/15.0.1/../../../../aarch64-pc-cygwin/bin/ld: cannot export _sigfe___res_mkquery: symbol not defined
/root/xc/inst/lib/gcc/aarch64-pc-cygwin/15.0.1/../../../../aarch64-pc-cygwin/bin/ld: cannot export _sigfe___res_nclose: symbol not defined
/root/xc/inst/lib/gcc/aarch64-pc-cygwin/15.0.1/../../../../aarch64-pc-cygwin/bin/ld: cannot export _sigfe___res_ninit: symbol not defined
/root/xc/inst/lib/gcc/aarch64-pc-cygwin/15.0.1/../../../../aarch64-pc-cygwin/bin/ld: cannot export _sigfe___res_nmkquery: symbol not defined
/root/xc/inst/lib/gcc/aarch64-pc-cygwin/15.0.1/../../../../aarch64-pc-cygwin/bin/ld: cannot export _sigfe___res_nquery: symbol not defined
/root/xc/inst/lib/gcc/aarch64-pc-cygwin/15.0.1/../../../../aarch64-pc-cygwin/bin/ld: cannot export _sigfe___res_nquerydomain: symbol not defined
/root/xc/inst/lib/gcc/aarch64-pc-cygwin/15.0.1/../../../../aarch64-pc-cygwin/bin/ld: cannot export _sigfe___res_nsearch: symbol not defined
/root/xc/inst/lib/gcc/aarch64-pc-cygwin/15.0.1/../../../../aarch64-pc-cygwin/bin/ld: cannot export _sigfe___res_nsend: symbol not defined
/root/xc/inst/lib/gcc/aarch64-pc-cygwin/15.0.1/../../../../aarch64-pc-cygwin/bin/ld: cannot export _sigfe___res_query: symbol not defined
/root/xc/inst/lib/gcc/aarch64-pc-cygwin/15.0.1/../../../../aarch64-pc-cygwin/bin/ld: cannot export _sigfe___res_querydomain: symbol not defined
/root/xc/inst/lib/gcc/aarch64-pc-cygwin/15.0.1/../../../../aarch64-pc-cygwin/bin/ld: cannot export _sigfe___res_search: symbol not defined
/root/xc/inst/lib/gcc/aarch64-pc-cygwin/15.0.1/../../../../aarch64-pc-cygwin/bin/ld: cannot export _sigfe___res_send: symbol not defined
/root/xc/inst/lib/gcc/aarch64-pc-cygwin/15.0.1/../../../../aarch64-pc-cygwin/bin/ld: cannot export _sigfe___res_state: symbol not defined
/root/xc/inst/lib/gcc/aarch64-pc-cygwin/15.0.1/../../../../aarch64-pc-cygwin/bin/ld: cannot export _sigfe___sched_getaffinity_sys: symbol not defined
/root/xc/inst/lib/gcc/aarch64-pc-cygwin/15.0.1/../../../../aarch64-pc-cygwin/bin/ld: cannot export _sigfe___snprintf_chk: symbol not defined
/root/xc/inst/lib/gcc/aarch64-pc-cygwin/15.0.1/../../../../aarch64-pc-cygwin/bin/ld: cannot export _sigfe___sprintf_chk: symbol not defined
/root/xc/inst/lib/gcc/aarch64-pc-cygwin/15.0.1/../../../../aarch64-pc-cygwin/bin/ld: cannot export _sigfe___srget: symbol not defined
/root/xc/inst/lib/gcc/aarch64-pc-cygwin/15.0.1/../../../../aarch64-pc-cygwin/bin/ld: cannot export _sigfe___srget_r: symbol not defined
/root/xc/inst/lib/gcc/aarch64-pc-cygwin/15.0.1/../../../../aarch64-pc-cygwin/bin/ld: cannot export _sigfe___stack_chk_fail: symbol not defined
/root/xc/inst/lib/gcc/aarch64-pc-cygwin/15.0.1/../../../../aarch64-pc-cygwin/bin/ld: cannot export _sigfe___stack_chk_fail: symbol not defined
/root/xc/inst/lib/gcc/aarch64-pc-cygwin/15.0.1/../../../../aarch64-pc-cygwin/bin/ld: cannot export _sigfe___swbuf: symbol not defined
/root/xc/inst/lib/gcc/aarch64-pc-cygwin/15.0.1/../../../../aarch64-pc-cygwin/bin/ld: cannot export _sigfe___swbuf_r: symbol not defined
/root/xc/inst/lib/gcc/aarch64-pc-cygwin/15.0.1/../../../../aarch64-pc-cygwin/bin/ld: cannot export _sigfe___vsnprintf_chk: symbol not defined
/root/xc/inst/lib/gcc/aarch64-pc-cygwin/15.0.1/../../../../aarch64-pc-cygwin/bin/ld: cannot export _sigfe___vsprintf_chk: symbol not defined
/root/xc/inst/lib/gcc/aarch64-pc-cygwin/15.0.1/../../../../aarch64-pc-cygwin/bin/ld: cannot export _sigfe___xdrrec_getrec: symbol not defined
/root/xc/inst/lib/gcc/aarch64-pc-cygwin/15.0.1/../../../../aarch64-pc-cygwin/bin/ld: cannot export _sigfe___xdrrec_setnonblock: symbol not defined
/root/xc/inst/lib/gcc/aarch64-pc-cygwin/15.0.1/../../../../aarch64-pc-cygwin/bin/ld: cannot export _sigfe___xpg_sigpause: symbol not defined
/root/xc/inst/lib/gcc/aarch64-pc-cygwin/15.0.1/../../../../aarch64-pc-cygwin/bin/ld: cannot export _sigfe___xpg_strerror_r: symbol not defined
/root/xc/inst/lib/gcc/aarch64-pc-cygwin/15.0.1/../../../../aarch64-pc-cygwin/bin/ld: cannot export __alloca: symbol not defined
/root/xc/inst/lib/gcc/aarch64-pc-cygwin/15.0.1/../../../../aarch64-pc-cygwin/bin/ld: cannot export _ctype_: symbol not defined
/root/xc/inst/lib/gcc/aarch64-pc-cygwin/15.0.1/../../../../aarch64-pc-cygwin/bin/ld: cannot export _sigfe__exit: symbol not defined
/root/xc/inst/lib/gcc/aarch64-pc-cygwin/15.0.1/../../../../aarch64-pc-cygwin/bin/ld: cannot export _fe_nomask_env: symbol not defined
/root/xc/inst/lib/gcc/aarch64-pc-cygwin/15.0.1/../../../../aarch64-pc-cygwin/bin/ld: cannot export _sigfe__fscanf_r: symbol not defined
/root/xc/inst/lib/gcc/aarch64-pc-cygwin/15.0.1/../../../../aarch64-pc-cygwin/bin/ld: cannot export _sigfe__get_osfhandle: symbol not defined
/root/xc/inst/lib/gcc/aarch64-pc-cygwin/15.0.1/../../../../aarch64-pc-cygwin/bin/ld: cannot export _sigfe__pipe: symbol not defined
/root/xc/inst/lib/gcc/aarch64-pc-cygwin/15.0.1/../../../../aarch64-pc-cygwin/bin/ld: cannot export _sigfe__pthread_cleanup_pop: symbol not defined
/root/xc/inst/lib/gcc/aarch64-pc-cygwin/15.0.1/../../../../aarch64-pc-cygwin/bin/ld: cannot export _sigfe__pthread_cleanup_push: symbol not defined
/root/xc/inst/lib/gcc/aarch64-pc-cygwin/15.0.1/../../../../aarch64-pc-cygwin/bin/ld: cannot export _sigfe_cygwin_setmode: symbol not defined
/root/xc/inst/lib/gcc/aarch64-pc-cygwin/15.0.1/../../../../aarch64-pc-cygwin/bin/ld: cannot export _sigfe_cygwin_accept: symbol not defined
/root/xc/inst/lib/gcc/aarch64-pc-cygwin/15.0.1/../../../../aarch64-pc-cygwin/bin/ld: cannot export _sigfe_accept4: symbol not defined
/root/xc/inst/lib/gcc/aarch64-pc-cygwin/15.0.1/../../../../aarch64-pc-cygwin/bin/ld: cannot export _sigfe_access: symbol not defined
/root/xc/inst/lib/gcc/aarch64-pc-cygwin/15.0.1/../../../../aarch64-pc-cygwin/bin/ld: cannot export _sigfe_acl: symbol not defined
/root/xc/inst/lib/gcc/aarch64-pc-cygwin/15.0.1/../../../../aarch64-pc-cygwin/bin/ld: cannot export _sigfe_acl_calc_mask: symbol not defined
/root/xc/inst/lib/gcc/aarch64-pc-cygwin/15.0.1/../../../../aarch64-pc-cygwin/bin/ld: cannot export _sigfe_acl_cmp: symbol not defined
/root/xc/inst/lib/gcc/aarch64-pc-cygwin/15.0.1/../../../../aarch64-pc-cygwin/bin/ld: cannot export _sigfe_acl_create_entry: symbol not defined
/root/xc/inst/lib/gcc/aarch64-pc-cygwin/15.0.1/../../../../aarch64-pc-cygwin/bin/ld: cannot export _sigfe_acl_delete_def_file: symbol not defined
/root/xc/inst/lib/gcc/aarch64-pc-cygwin/15.0.1/../../../../aarch64-pc-cygwin/bin/ld: cannot export _sigfe_acl_dup: symbol not defined
/root/xc/inst/lib/gcc/aarch64-pc-cygwin/15.0.1/../../../../aarch64-pc-cygwin/bin/ld: cannot export _sigfe_acl_equiv_mode: symbol not defined
/root/xc/inst/lib/gcc/aarch64-pc-cygwin/15.0.1/../../../../aarch64-pc-cygwin/bin/ld: cannot export _sigfe_acl_extended_fd: symbol not defined
/root/xc/inst/lib/gcc/aarch64-pc-cygwin/15.0.1/../../../../aarch64-pc-cygwin/bin/ld: cannot export _sigfe_acl_extended_file: symbol not defined
/root/xc/inst/lib/gcc/aarch64-pc-cygwin/15.0.1/../../../../aarch64-pc-cygwin/bin/ld: cannot export _sigfe_acl_extended_file_nofollow: symbol not defined
/root/xc/inst/lib/gcc/aarch64-pc-cygwin/15.0.1/../../../../aarch64-pc-cygwin/bin/ld: cannot export _sigfe_acl_free: symbol not defined
/root/xc/inst/lib/gcc/aarch64-pc-cygwin/15.0.1/../../../../aarch64-pc-cygwin/bin/ld: cannot export _sigfe_acl_from_text: symbol not defined
/root/xc/inst/lib/gcc/aarch64-pc-cygwin/15.0.1/../../../../aarch64-pc-cygwin/bin/ld: cannot export _sigfe_acl_get_fd: symbol not defined
/root/xc/inst/lib/gcc/aarch64-pc-cygwin/15.0.1/../../../../aarch64-pc-cygwin/bin/ld: cannot export _sigfe_acl_get_file: symbol not defined
/root/xc/inst/lib/gcc/aarch64-pc-cygwin/15.0.1/../../../../aarch64-pc-cygwin/bin/ld: cannot export _sigfe_acl_get_qualifier: symbol not defined
/root/xc/inst/lib/gcc/aarch64-pc-cygwin/15.0.1/../../../../aarch64-pc-cygwin/bin/ld: cannot export _sigfe_acl_init: symbol not defined
/root/xc/inst/lib/gcc/aarch64-pc-cygwin/15.0.1/../../../../aarch64-pc-cygwin/bin/ld: cannot export _sigfe_acl_set_fd: symbol not defined
/root/xc/inst/lib/gcc/aarch64-pc-cygwin/15.0.1/../../../../aarch64-pc-cygwin/bin/ld: cannot export _sigfe_acl_set_file: symbol not defined
/root/xc/inst/lib/gcc/aarch64-pc-cygwin/15.0.1/../../../../aarch64-pc-cygwin/bin/ld: cannot export _sigfe_acl_to_any_text: symbol not defined
/root/xc/inst/lib/gcc/aarch64-pc-cygwin/15.0.1/../../../../aarch64-pc-cygwin/bin/ld: cannot export _sigfe_acl_to_text: symbol not defined
/root/xc/inst/lib/gcc/aarch64-pc-cygwin/15.0.1/../../../../aarch64-pc-cygwin/bin/ld: cannot export _sigfe_aclfrommode: symbol not defined
/root/xc/inst/lib/gcc/aarch64-pc-cygwin/15.0.1/../../../../aarch64-pc-cygwin/bin/ld: cannot export _sigfe_aclfrompbits: symbol not defined
/root/xc/inst/lib/gcc/aarch64-pc-cygwin/15.0.1/../../../../aarch64-pc-cygwin/bin/ld: cannot export _sigfe_aclfromtext: symbol not defined
/root/xc/inst/lib/gcc/aarch64-pc-cygwin/15.0.1/../../../../aarch64-pc-cygwin/bin/ld: cannot export _sigfe_aclsort: symbol not defined
/root/xc/inst/lib/gcc/aarch64-pc-cygwin/15.0.1/../../../../aarch64-pc-cygwin/bin/ld: cannot export _sigfe_acltomode: symbol not defined
/root/xc/inst/lib/gcc/aarch64-pc-cygwin/15.0.1/../../../../aarch64-pc-cygwin/bin/ld: cannot export _sigfe_acltopbits: symbol not defined
/root/xc/inst/lib/gcc/aarch64-pc-cygwin/15.0.1/../../../../aarch64-pc-cygwin/bin/ld: cannot export _sigfe_acltotext: symbol not defined
/root/xc/inst/lib/gcc/aarch64-pc-cygwin/15.0.1/../../../../aarch64-pc-cygwin/bin/ld: cannot export _sigfe_aio_cancel: symbol not defined
/root/xc/inst/lib/gcc/aarch64-pc-cygwin/15.0.1/../../../../aarch64-pc-cygwin/bin/ld: cannot export _sigfe_aio_fsync: symbol not defined
/root/xc/inst/lib/gcc/aarch64-pc-cygwin/15.0.1/../../../../aarch64-pc-cygwin/bin/ld: cannot export _sigfe_aio_read: symbol not defined
/root/xc/inst/lib/gcc/aarch64-pc-cygwin/15.0.1/../../../../aarch64-pc-cygwin/bin/ld: cannot export _sigfe_aio_suspend: symbol not defined
/root/xc/inst/lib/gcc/aarch64-pc-cygwin/15.0.1/../../../../aarch64-pc-cygwin/bin/ld: cannot export _sigfe_aio_write: symbol not defined
/root/xc/inst/lib/gcc/aarch64-pc-cygwin/15.0.1/../../../../aarch64-pc-cygwin/bin/ld: cannot export _sigfe_alarm: symbol not defined
/root/xc/inst/lib/gcc/aarch64-pc-cygwin/15.0.1/../../../../aarch64-pc-cygwin/bin/ld: cannot export _sigfe_aligned_alloc: symbol not defined
/root/xc/inst/lib/gcc/aarch64-pc-cygwin/15.0.1/../../../../aarch64-pc-cygwin/bin/ld: cannot export _sigfe_argz_add: symbol not defined
/root/xc/inst/lib/gcc/aarch64-pc-cygwin/15.0.1/../../../../aarch64-pc-cygwin/bin/ld: cannot export _sigfe_argz_add_sep: symbol not defined
/root/xc/inst/lib/gcc/aarch64-pc-cygwin/15.0.1/../../../../aarch64-pc-cygwin/bin/ld: cannot export _sigfe_argz_append: symbol not defined
/root/xc/inst/lib/gcc/aarch64-pc-cygwin/15.0.1/../../../../aarch64-pc-cygwin/bin/ld: cannot export _sigfe_argz_create: symbol not defined
/root/xc/inst/lib/gcc/aarch64-pc-cygwin/15.0.1/../../../../aarch64-pc-cygwin/bin/ld: cannot export _sigfe_argz_create_sep: symbol not defined
/root/xc/inst/lib/gcc/aarch64-pc-cygwin/15.0.1/../../../../aarch64-pc-cygwin/bin/ld: cannot export _sigfe_argz_delete: symbol not defined
/root/xc/inst/lib/gcc/aarch64-pc-cygwin/15.0.1/../../../../aarch64-pc-cygwin/bin/ld: cannot export _sigfe_argz_insert: symbol not defined
/root/xc/inst/lib/gcc/aarch64-pc-cygwin/15.0.1/../../../../aarch64-pc-cygwin/bin/ld: cannot export _sigfe_argz_replace: symbol not defined
/root/xc/inst/lib/gcc/aarch64-pc-cygwin/15.0.1/../../../../aarch64-pc-cygwin/bin/ld: cannot export _sigfe_asctime: symbol not defined
/root/xc/inst/lib/gcc/aarch64-pc-cygwin/15.0.1/../../../../aarch64-pc-cygwin/bin/ld: cannot export _sigfe_asctime_r: symbol not defined
/root/xc/inst/lib/gcc/aarch64-pc-cygwin/15.0.1/../../../../aarch64-pc-cygwin/bin/ld: cannot export _sigfe_asnprintf: symbol not defined
/root/xc/inst/lib/gcc/aarch64-pc-cygwin/15.0.1/../../../../aarch64-pc-cygwin/bin/ld: cannot export _sigfe_asprintf: symbol not defined
/root/xc/inst/lib/gcc/aarch64-pc-cygwin/15.0.1/../../../../aarch64-pc-cygwin/bin/ld: cannot export _sigfe_at_quick_exit: symbol not defined
/root/xc/inst/lib/gcc/aarch64-pc-cygwin/15.0.1/../../../../aarch64-pc-cygwin/bin/ld: cannot export _sigfe_cygwin_atexit: symbol not defined
/root/xc/inst/lib/gcc/aarch64-pc-cygwin/15.0.1/../../../../aarch64-pc-cygwin/bin/ld: cannot export _sigfe_atof: symbol not defined
/root/xc/inst/lib/gcc/aarch64-pc-cygwin/15.0.1/../../../../aarch64-pc-cygwin/bin/ld: cannot export _sigfe_atoff: symbol not defined
/root/xc/inst/lib/gcc/aarch64-pc-cygwin/15.0.1/../../../../aarch64-pc-cygwin/bin/ld: cannot export _sigfe_cygwin_bind: symbol not defined
/root/xc/inst/lib/gcc/aarch64-pc-cygwin/15.0.1/../../../../aarch64-pc-cygwin/bin/ld: cannot export _sigfe_cygwin_bindresvport: symbol not defined
/root/xc/inst/lib/gcc/aarch64-pc-cygwin/15.0.1/../../../../aarch64-pc-cygwin/bin/ld: cannot export _sigfe_cygwin_bindresvport_sa: symbol not defined
/root/xc/inst/lib/gcc/aarch64-pc-cygwin/15.0.1/../../../../aarch64-pc-cygwin/bin/ld: cannot export _sigfe_call_once: symbol not defined
/root/xc/inst/lib/gcc/aarch64-pc-cygwin/15.0.1/../../../../aarch64-pc-cygwin/bin/ld: cannot export _sigfe_calloc: symbol not defined
/root/xc/inst/lib/gcc/aarch64-pc-cygwin/15.0.1/../../../../aarch64-pc-cygwin/bin/ld: cannot export _sigfe_canonicalize_file_name: symbol not defined
/root/xc/inst/lib/gcc/aarch64-pc-cygwin/15.0.1/../../../../aarch64-pc-cygwin/bin/ld: cannot export _sigfe_catclose: symbol not defined
/root/xc/inst/lib/gcc/aarch64-pc-cygwin/15.0.1/../../../../aarch64-pc-cygwin/bin/ld: cannot export _sigfe_catgets: symbol not defined
/root/xc/inst/lib/gcc/aarch64-pc-cygwin/15.0.1/../../../../aarch64-pc-cygwin/bin/ld: cannot export _sigfe_catopen: symbol not defined
/root/xc/inst/lib/gcc/aarch64-pc-cygwin/15.0.1/../../../../aarch64-pc-cygwin/bin/ld: cannot export _sigfe_cfsetispeed: symbol not defined
/root/xc/inst/lib/gcc/aarch64-pc-cygwin/15.0.1/../../../../aarch64-pc-cygwin/bin/ld: cannot export _sigfe_cfsetospeed: symbol not defined
/root/xc/inst/lib/gcc/aarch64-pc-cygwin/15.0.1/../../../../aarch64-pc-cygwin/bin/ld: cannot export _sigfe_cfsetspeed: symbol not defined
/root/xc/inst/lib/gcc/aarch64-pc-cygwin/15.0.1/../../../../aarch64-pc-cygwin/bin/ld: cannot export _sigfe_chdir: symbol not defined
/root/xc/inst/lib/gcc/aarch64-pc-cygwin/15.0.1/../../../../aarch64-pc-cygwin/bin/ld: cannot export _sigfe_chmod: symbol not defined
/root/xc/inst/lib/gcc/aarch64-pc-cygwin/15.0.1/../../../../aarch64-pc-cygwin/bin/ld: cannot export _sigfe_chown: symbol not defined
/root/xc/inst/lib/gcc/aarch64-pc-cygwin/15.0.1/../../../../aarch64-pc-cygwin/bin/ld: cannot export _sigfe_chroot: symbol not defined
/root/xc/inst/lib/gcc/aarch64-pc-cygwin/15.0.1/../../../../aarch64-pc-cygwin/bin/ld: cannot export _sigfe_clearenv: symbol not defined
/root/xc/inst/lib/gcc/aarch64-pc-cygwin/15.0.1/../../../../aarch64-pc-cygwin/bin/ld: cannot export _sigfe_clearerr: symbol not defined
/root/xc/inst/lib/gcc/aarch64-pc-cygwin/15.0.1/../../../../aarch64-pc-cygwin/bin/ld: cannot export _sigfe_clearerr_unlocked: symbol not defined
/root/xc/inst/lib/gcc/aarch64-pc-cygwin/15.0.1/../../../../aarch64-pc-cygwin/bin/ld: cannot export _sigfe_clock: symbol not defined
/root/xc/inst/lib/gcc/aarch64-pc-cygwin/15.0.1/../../../../aarch64-pc-cygwin/bin/ld: cannot export _sigfe_clock_getcpuclockid: symbol not defined
/root/xc/inst/lib/gcc/aarch64-pc-cygwin/15.0.1/../../../../aarch64-pc-cygwin/bin/ld: cannot export _sigfe_clock_getres: symbol not defined
/root/xc/inst/lib/gcc/aarch64-pc-cygwin/15.0.1/../../../../aarch64-pc-cygwin/bin/ld: cannot export _sigfe_clock_gettime: symbol not defined
/root/xc/inst/lib/gcc/aarch64-pc-cygwin/15.0.1/../../../../aarch64-pc-cygwin/bin/ld: cannot export _sigfe_clock_nanosleep: symbol not defined
/root/xc/inst/lib/gcc/aarch64-pc-cygwin/15.0.1/../../../../aarch64-pc-cygwin/bin/ld: cannot export _sigfe_clock_setres: symbol not defined
/root/xc/inst/lib/gcc/aarch64-pc-cygwin/15.0.1/../../../../aarch64-pc-cygwin/bin/ld: cannot export _sigfe_clock_settime: symbol not defined
/root/xc/inst/lib/gcc/aarch64-pc-cygwin/15.0.1/../../../../aarch64-pc-cygwin/bin/ld: cannot export _sigfe_close: symbol not defined
/root/xc/inst/lib/gcc/aarch64-pc-cygwin/15.0.1/../../../../aarch64-pc-cygwin/bin/ld: cannot export _sigfe_close_range: symbol not defined
/root/xc/inst/lib/gcc/aarch64-pc-cygwin/15.0.1/../../../../aarch64-pc-cygwin/bin/ld: cannot export _sigfe_closedir: symbol not defined
/root/xc/inst/lib/gcc/aarch64-pc-cygwin/15.0.1/../../../../aarch64-pc-cygwin/bin/ld: cannot export _sigfe_closelog: symbol not defined
/root/xc/inst/lib/gcc/aarch64-pc-cygwin/15.0.1/../../../../aarch64-pc-cygwin/bin/ld: cannot export _sigfe_cnd_broadcast: symbol not defined
/root/xc/inst/lib/gcc/aarch64-pc-cygwin/15.0.1/../../../../aarch64-pc-cygwin/bin/ld: cannot export _sigfe_cnd_destroy: symbol not defined
/root/xc/inst/lib/gcc/aarch64-pc-cygwin/15.0.1/../../../../aarch64-pc-cygwin/bin/ld: cannot export _sigfe_cnd_init: symbol not defined
/root/xc/inst/lib/gcc/aarch64-pc-cygwin/15.0.1/../../../../aarch64-pc-cygwin/bin/ld: cannot export _sigfe_cnd_signal: symbol not defined
/root/xc/inst/lib/gcc/aarch64-pc-cygwin/15.0.1/../../../../aarch64-pc-cygwin/bin/ld: cannot export _sigfe_cnd_timedwait: symbol not defined
/root/xc/inst/lib/gcc/aarch64-pc-cygwin/15.0.1/../../../../aarch64-pc-cygwin/bin/ld: cannot export _sigfe_cnd_wait: symbol not defined
/root/xc/inst/lib/gcc/aarch64-pc-cygwin/15.0.1/../../../../aarch64-pc-cygwin/bin/ld: cannot export _sigfe_cygwin_connect: symbol not defined
/root/xc/inst/lib/gcc/aarch64-pc-cygwin/15.0.1/../../../../aarch64-pc-cygwin/bin/ld: cannot export _sigfe_creat: symbol not defined
/root/xc/inst/lib/gcc/aarch64-pc-cygwin/15.0.1/../../../../aarch64-pc-cygwin/bin/ld: cannot export _sigfe_ctermid: symbol not defined
/root/xc/inst/lib/gcc/aarch64-pc-cygwin/15.0.1/../../../../aarch64-pc-cygwin/bin/ld: cannot export _sigfe_ctime: symbol not defined
/root/xc/inst/lib/gcc/aarch64-pc-cygwin/15.0.1/../../../../aarch64-pc-cygwin/bin/ld: cannot export _sigfe_ctime_r: symbol not defined
/root/xc/inst/lib/gcc/aarch64-pc-cygwin/15.0.1/../../../../aarch64-pc-cygwin/bin/ld: cannot export _sigfe_cwait: symbol not defined
/root/xc/inst/lib/gcc/aarch64-pc-cygwin/15.0.1/../../../../aarch64-pc-cygwin/bin/ld: cannot export _sigfe_cygwin_attach_handle_to_fd: symbol not defined
/root/xc/inst/lib/gcc/aarch64-pc-cygwin/15.0.1/../../../../aarch64-pc-cygwin/bin/ld: cannot export _sigfe_cygwin_conv_path: symbol not defined
/root/xc/inst/lib/gcc/aarch64-pc-cygwin/15.0.1/../../../../aarch64-pc-cygwin/bin/ld: cannot export _sigfe_cygwin_conv_path_list: symbol not defined
/root/xc/inst/lib/gcc/aarch64-pc-cygwin/15.0.1/../../../../aarch64-pc-cygwin/bin/ld: cannot export _sigfe_cygwin_create_path: symbol not defined
/root/xc/inst/lib/gcc/aarch64-pc-cygwin/15.0.1/../../../../aarch64-pc-cygwin/bin/ld: cannot export _sigfe_cygwin_logon_user: symbol not defined
/root/xc/inst/lib/gcc/aarch64-pc-cygwin/15.0.1/../../../../aarch64-pc-cygwin/bin/ld: cannot export _sigfe_cygwin_set_impersonation_token: symbol not defined
/root/xc/inst/lib/gcc/aarch64-pc-cygwin/15.0.1/../../../../aarch64-pc-cygwin/bin/ld: cannot export _sigfe_cygwin_stackdump: symbol not defined
/root/xc/inst/lib/gcc/aarch64-pc-cygwin/15.0.1/../../../../aarch64-pc-cygwin/bin/ld: cannot export _sigfe_cygwin_umount: symbol not defined
/root/xc/inst/lib/gcc/aarch64-pc-cygwin/15.0.1/../../../../aarch64-pc-cygwin/bin/ld: cannot export _sigfe_cygwin_winpid_to_pid: symbol not defined
/root/xc/inst/lib/gcc/aarch64-pc-cygwin/15.0.1/../../../../aarch64-pc-cygwin/bin/ld: cannot export _sigfe_daemon: symbol not defined
/root/xc/inst/lib/gcc/aarch64-pc-cygwin/15.0.1/../../../../aarch64-pc-cygwin/bin/ld: cannot export _sigfe_dbm_clearerr: symbol not defined
/root/xc/inst/lib/gcc/aarch64-pc-cygwin/15.0.1/../../../../aarch64-pc-cygwin/bin/ld: cannot export _sigfe_dbm_close: symbol not defined
/root/xc/inst/lib/gcc/aarch64-pc-cygwin/15.0.1/../../../../aarch64-pc-cygwin/bin/ld: cannot export _sigfe_dbm_delete: symbol not defined
/root/xc/inst/lib/gcc/aarch64-pc-cygwin/15.0.1/../../../../aarch64-pc-cygwin/bin/ld: cannot export _sigfe_dbm_dirfno: symbol not defined
/root/xc/inst/lib/gcc/aarch64-pc-cygwin/15.0.1/../../../../aarch64-pc-cygwin/bin/ld: cannot export _sigfe_dbm_error: symbol not defined
/root/xc/inst/lib/gcc/aarch64-pc-cygwin/15.0.1/../../../../aarch64-pc-cygwin/bin/ld: cannot export _sigfe_dbm_fetch: symbol not defined
/root/xc/inst/lib/gcc/aarch64-pc-cygwin/15.0.1/../../../../aarch64-pc-cygwin/bin/ld: cannot export _sigfe_dbm_firstkey: symbol not defined
/root/xc/inst/lib/gcc/aarch64-pc-cygwin/15.0.1/../../../../aarch64-pc-cygwin/bin/ld: cannot export _sigfe_dbm_nextkey: symbol not defined
/root/xc/inst/lib/gcc/aarch64-pc-cygwin/15.0.1/../../../../aarch64-pc-cygwin/bin/ld: cannot export _sigfe_dbm_open: symbol not defined
/root/xc/inst/lib/gcc/aarch64-pc-cygwin/15.0.1/../../../../aarch64-pc-cygwin/bin/ld: cannot export _sigfe_dbm_store: symbol not defined
/root/xc/inst/lib/gcc/aarch64-pc-cygwin/15.0.1/../../../../aarch64-pc-cygwin/bin/ld: cannot export _sigfe_dirfd: symbol not defined
/root/xc/inst/lib/gcc/aarch64-pc-cygwin/15.0.1/../../../../aarch64-pc-cygwin/bin/ld: cannot export _sigfe_dladdr: symbol not defined
/root/xc/inst/lib/gcc/aarch64-pc-cygwin/15.0.1/../../../../aarch64-pc-cygwin/bin/ld: cannot export _sigfe_dlclose: symbol not defined
/root/xc/inst/lib/gcc/aarch64-pc-cygwin/15.0.1/../../../../aarch64-pc-cygwin/bin/ld: cannot export _sigfe_dlopen: symbol not defined
/root/xc/inst/lib/gcc/aarch64-pc-cygwin/15.0.1/../../../../aarch64-pc-cygwin/bin/ld: cannot export _sigfe_dlsym: symbol not defined
/root/xc/inst/lib/gcc/aarch64-pc-cygwin/15.0.1/../../../../aarch64-pc-cygwin/bin/ld: cannot export _sigfe___dn_comp: symbol not defined
/root/xc/inst/lib/gcc/aarch64-pc-cygwin/15.0.1/../../../../aarch64-pc-cygwin/bin/ld: cannot export _sigfe___dn_expand: symbol not defined
/root/xc/inst/lib/gcc/aarch64-pc-cygwin/15.0.1/../../../../aarch64-pc-cygwin/bin/ld: cannot export _sigfe___dn_skipname: symbol not defined
/root/xc/inst/lib/gcc/aarch64-pc-cygwin/15.0.1/../../../../aarch64-pc-cygwin/bin/ld: cannot export _sigfe_dprintf: symbol not defined
/root/xc/inst/lib/gcc/aarch64-pc-cygwin/15.0.1/../../../../aarch64-pc-cygwin/bin/ld: cannot export _sigfe_dup: symbol not defined
/root/xc/inst/lib/gcc/aarch64-pc-cygwin/15.0.1/../../../../aarch64-pc-cygwin/bin/ld: cannot export _sigfe_dup2: symbol not defined
/root/xc/inst/lib/gcc/aarch64-pc-cygwin/15.0.1/../../../../aarch64-pc-cygwin/bin/ld: cannot export _sigfe_dup3: symbol not defined
/root/xc/inst/lib/gcc/aarch64-pc-cygwin/15.0.1/../../../../aarch64-pc-cygwin/bin/ld: cannot export _sigfe_duplocale: symbol not defined
/root/xc/inst/lib/gcc/aarch64-pc-cygwin/15.0.1/../../../../aarch64-pc-cygwin/bin/ld: cannot export _sigfe_euidaccess: symbol not defined
/root/xc/inst/lib/gcc/aarch64-pc-cygwin/15.0.1/../../../../aarch64-pc-cygwin/bin/ld: cannot export _sigfe_ecvt: symbol not defined
/root/xc/inst/lib/gcc/aarch64-pc-cygwin/15.0.1/../../../../aarch64-pc-cygwin/bin/ld: cannot export _sigfe_ecvtbuf: symbol not defined
/root/xc/inst/lib/gcc/aarch64-pc-cygwin/15.0.1/../../../../aarch64-pc-cygwin/bin/ld: cannot export _sigfe_ecvtf: symbol not defined
/root/xc/inst/lib/gcc/aarch64-pc-cygwin/15.0.1/../../../../aarch64-pc-cygwin/bin/ld: cannot export _sigfe_cygwin_endprotoent: symbol not defined
/root/xc/inst/lib/gcc/aarch64-pc-cygwin/15.0.1/../../../../aarch64-pc-cygwin/bin/ld: cannot export _sigfe_cygwin_endservent: symbol not defined
/root/xc/inst/lib/gcc/aarch64-pc-cygwin/15.0.1/../../../../aarch64-pc-cygwin/bin/ld: cannot export _sigfe_endusershell: symbol not defined
/root/xc/inst/lib/gcc/aarch64-pc-cygwin/15.0.1/../../../../aarch64-pc-cygwin/bin/ld: cannot export _sigfe_endutent: symbol not defined
/root/xc/inst/lib/gcc/aarch64-pc-cygwin/15.0.1/../../../../aarch64-pc-cygwin/bin/ld: cannot export _sigfe_endutxent: symbol not defined
/root/xc/inst/lib/gcc/aarch64-pc-cygwin/15.0.1/../../../../aarch64-pc-cygwin/bin/ld: cannot export _sigfe_envz_add: symbol not defined
/root/xc/inst/lib/gcc/aarch64-pc-cygwin/15.0.1/../../../../aarch64-pc-cygwin/bin/ld: cannot export _sigfe_envz_merge: symbol not defined
/root/xc/inst/lib/gcc/aarch64-pc-cygwin/15.0.1/../../../../aarch64-pc-cygwin/bin/ld: cannot export _sigfe_envz_remove: symbol not defined
/root/xc/inst/lib/gcc/aarch64-pc-cygwin/15.0.1/../../../../aarch64-pc-cygwin/bin/ld: cannot export _sigfe_envz_strip: symbol not defined
/root/xc/inst/lib/gcc/aarch64-pc-cygwin/15.0.1/../../../../aarch64-pc-cygwin/bin/ld: cannot export _sigfe_err: symbol not defined
/root/xc/inst/lib/gcc/aarch64-pc-cygwin/15.0.1/../../../../aarch64-pc-cygwin/bin/ld: cannot export _sigfe_error: symbol not defined
/root/xc/inst/lib/gcc/aarch64-pc-cygwin/15.0.1/../../../../aarch64-pc-cygwin/bin/ld: cannot export _sigfe_error_at_line: symbol not defined
/root/xc/inst/lib/gcc/aarch64-pc-cygwin/15.0.1/../../../../aarch64-pc-cygwin/bin/ld: cannot export _sigfe_errx: symbol not defined
/root/xc/inst/lib/gcc/aarch64-pc-cygwin/15.0.1/../../../../aarch64-pc-cygwin/bin/ld: cannot export _sigfe_euidaccess: symbol not defined
/root/xc/inst/lib/gcc/aarch64-pc-cygwin/15.0.1/../../../../aarch64-pc-cygwin/bin/ld: cannot export _sigfe_execl: symbol not defined
/root/xc/inst/lib/gcc/aarch64-pc-cygwin/15.0.1/../../../../aarch64-pc-cygwin/bin/ld: cannot export _sigfe_execle: symbol not defined
/root/xc/inst/lib/gcc/aarch64-pc-cygwin/15.0.1/../../../../aarch64-pc-cygwin/bin/ld: cannot export _sigfe_execlp: symbol not defined
/root/xc/inst/lib/gcc/aarch64-pc-cygwin/15.0.1/../../../../aarch64-pc-cygwin/bin/ld: cannot export _sigfe_execv: symbol not defined
/root/xc/inst/lib/gcc/aarch64-pc-cygwin/15.0.1/../../../../aarch64-pc-cygwin/bin/ld: cannot export _sigfe_execve: symbol not defined
/root/xc/inst/lib/gcc/aarch64-pc-cygwin/15.0.1/../../../../aarch64-pc-cygwin/bin/ld: cannot export _sigfe_execvp: symbol not defined
/root/xc/inst/lib/gcc/aarch64-pc-cygwin/15.0.1/../../../../aarch64-pc-cygwin/bin/ld: cannot export _sigfe_execvpe: symbol not defined
/root/xc/inst/lib/gcc/aarch64-pc-cygwin/15.0.1/../../../../aarch64-pc-cygwin/bin/ld: cannot export _sigfe_cygwin_exit: symbol not defined
/root/xc/inst/lib/gcc/aarch64-pc-cygwin/15.0.1/../../../../aarch64-pc-cygwin/bin/ld: cannot export _sigfe_faccessat: symbol not defined
/root/xc/inst/lib/gcc/aarch64-pc-cygwin/15.0.1/../../../../aarch64-pc-cygwin/bin/ld: cannot export _sigfe_facl: symbol not defined
/root/xc/inst/lib/gcc/aarch64-pc-cygwin/15.0.1/../../../../aarch64-pc-cygwin/bin/ld: cannot export _sigfe_fallocate: symbol not defined
/root/xc/inst/lib/gcc/aarch64-pc-cygwin/15.0.1/../../../../aarch64-pc-cygwin/bin/ld: cannot export _sigfe_fchdir: symbol not defined
/root/xc/inst/lib/gcc/aarch64-pc-cygwin/15.0.1/../../../../aarch64-pc-cygwin/bin/ld: cannot export _sigfe_fchmod: symbol not defined
/root/xc/inst/lib/gcc/aarch64-pc-cygwin/15.0.1/../../../../aarch64-pc-cygwin/bin/ld: cannot export _sigfe_fchmodat: symbol not defined
/root/xc/inst/lib/gcc/aarch64-pc-cygwin/15.0.1/../../../../aarch64-pc-cygwin/bin/ld: cannot export _sigfe_fchown: symbol not defined
/root/xc/inst/lib/gcc/aarch64-pc-cygwin/15.0.1/../../../../aarch64-pc-cygwin/bin/ld: cannot export _sigfe_fchownat: symbol not defined
/root/xc/inst/lib/gcc/aarch64-pc-cygwin/15.0.1/../../../../aarch64-pc-cygwin/bin/ld: cannot export _sigfe_fclose: symbol not defined
/root/xc/inst/lib/gcc/aarch64-pc-cygwin/15.0.1/../../../../aarch64-pc-cygwin/bin/ld: cannot export _sigfe_fcloseall: symbol not defined
/root/xc/inst/lib/gcc/aarch64-pc-cygwin/15.0.1/../../../../aarch64-pc-cygwin/bin/ld: cannot export _sigfe_fcntl: symbol not defined
/root/xc/inst/lib/gcc/aarch64-pc-cygwin/15.0.1/../../../../aarch64-pc-cygwin/bin/ld: cannot export _sigfe_fcvt: symbol not defined
/root/xc/inst/lib/gcc/aarch64-pc-cygwin/15.0.1/../../../../aarch64-pc-cygwin/bin/ld: cannot export _sigfe_fcvtbuf: symbol not defined
/root/xc/inst/lib/gcc/aarch64-pc-cygwin/15.0.1/../../../../aarch64-pc-cygwin/bin/ld: cannot export _sigfe_fcvtf: symbol not defined
/root/xc/inst/lib/gcc/aarch64-pc-cygwin/15.0.1/../../../../aarch64-pc-cygwin/bin/ld: cannot export _sigfe_fdatasync: symbol not defined
/root/xc/inst/lib/gcc/aarch64-pc-cygwin/15.0.1/../../../../aarch64-pc-cygwin/bin/ld: cannot export _sigfe_fdclosedir: symbol not defined
/root/xc/inst/lib/gcc/aarch64-pc-cygwin/15.0.1/../../../../aarch64-pc-cygwin/bin/ld: cannot export _sigfe_fdopen: symbol not defined
/root/xc/inst/lib/gcc/aarch64-pc-cygwin/15.0.1/../../../../aarch64-pc-cygwin/bin/ld: cannot export _sigfe_fdopendir: symbol not defined
/root/xc/inst/lib/gcc/aarch64-pc-cygwin/15.0.1/../../../../aarch64-pc-cygwin/bin/ld: cannot export fedisableexcept: symbol not defined
/root/xc/inst/lib/gcc/aarch64-pc-cygwin/15.0.1/../../../../aarch64-pc-cygwin/bin/ld: cannot export _sigfe_feenableexcept: symbol not defined
/root/xc/inst/lib/gcc/aarch64-pc-cygwin/15.0.1/../../../../aarch64-pc-cygwin/bin/ld: cannot export fegetexcept: symbol not defined
/root/xc/inst/lib/gcc/aarch64-pc-cygwin/15.0.1/../../../../aarch64-pc-cygwin/bin/ld: cannot export fegetprec: symbol not defined
/root/xc/inst/lib/gcc/aarch64-pc-cygwin/15.0.1/../../../../aarch64-pc-cygwin/bin/ld: cannot export _sigfe_feholdexcept: symbol not defined
/root/xc/inst/lib/gcc/aarch64-pc-cygwin/15.0.1/../../../../aarch64-pc-cygwin/bin/ld: cannot export _sigfe_feof: symbol not defined
/root/xc/inst/lib/gcc/aarch64-pc-cygwin/15.0.1/../../../../aarch64-pc-cygwin/bin/ld: cannot export _sigfe_feof_unlocked: symbol not defined
/root/xc/inst/lib/gcc/aarch64-pc-cygwin/15.0.1/../../../../aarch64-pc-cygwin/bin/ld: cannot export _sigfe_ferror: symbol not defined
/root/xc/inst/lib/gcc/aarch64-pc-cygwin/15.0.1/../../../../aarch64-pc-cygwin/bin/ld: cannot export _sigfe_ferror_unlocked: symbol not defined
/root/xc/inst/lib/gcc/aarch64-pc-cygwin/15.0.1/../../../../aarch64-pc-cygwin/bin/ld: cannot export _sigfe_fesetenv: symbol not defined
/root/xc/inst/lib/gcc/aarch64-pc-cygwin/15.0.1/../../../../aarch64-pc-cygwin/bin/ld: cannot export _sigfe_fesetexceptflag: symbol not defined
/root/xc/inst/lib/gcc/aarch64-pc-cygwin/15.0.1/../../../../aarch64-pc-cygwin/bin/ld: cannot export fesetprec: symbol not defined
/root/xc/inst/lib/gcc/aarch64-pc-cygwin/15.0.1/../../../../aarch64-pc-cygwin/bin/ld: cannot export _sigfe_feupdateenv: symbol not defined
/root/xc/inst/lib/gcc/aarch64-pc-cygwin/15.0.1/../../../../aarch64-pc-cygwin/bin/ld: cannot export _sigfe_fexecve: symbol not defined
/root/xc/inst/lib/gcc/aarch64-pc-cygwin/15.0.1/../../../../aarch64-pc-cygwin/bin/ld: cannot export _sigfe_fflush: symbol not defined
/root/xc/inst/lib/gcc/aarch64-pc-cygwin/15.0.1/../../../../aarch64-pc-cygwin/bin/ld: cannot export _sigfe_fflush_unlocked: symbol not defined
/root/xc/inst/lib/gcc/aarch64-pc-cygwin/15.0.1/../../../../aarch64-pc-cygwin/bin/ld: cannot export _sigfe_fgetc: symbol not defined
/root/xc/inst/lib/gcc/aarch64-pc-cygwin/15.0.1/../../../../aarch64-pc-cygwin/bin/ld: cannot export _sigfe_fgetc_unlocked: symbol not defined
/root/xc/inst/lib/gcc/aarch64-pc-cygwin/15.0.1/../../../../aarch64-pc-cygwin/bin/ld: cannot export _sigfe_fgetpos: symbol not defined
/root/xc/inst/lib/gcc/aarch64-pc-cygwin/15.0.1/../../../../aarch64-pc-cygwin/bin/ld: cannot export _sigfe_fgets: symbol not defined
/root/xc/inst/lib/gcc/aarch64-pc-cygwin/15.0.1/../../../../aarch64-pc-cygwin/bin/ld: cannot export _sigfe_fgets_unlocked: symbol not defined
/root/xc/inst/lib/gcc/aarch64-pc-cygwin/15.0.1/../../../../aarch64-pc-cygwin/bin/ld: cannot export _sigfe_fgetwc: symbol not defined
/root/xc/inst/lib/gcc/aarch64-pc-cygwin/15.0.1/../../../../aarch64-pc-cygwin/bin/ld: cannot export _sigfe_fgetwc_unlocked: symbol not defined
/root/xc/inst/lib/gcc/aarch64-pc-cygwin/15.0.1/../../../../aarch64-pc-cygwin/bin/ld: cannot export _sigfe_fgetws: symbol not defined
/root/xc/inst/lib/gcc/aarch64-pc-cygwin/15.0.1/../../../../aarch64-pc-cygwin/bin/ld: cannot export _sigfe_fgetws_unlocked: symbol not defined
/root/xc/inst/lib/gcc/aarch64-pc-cygwin/15.0.1/../../../../aarch64-pc-cygwin/bin/ld: cannot export _sigfe_fgetxattr: symbol not defined
/root/xc/inst/lib/gcc/aarch64-pc-cygwin/15.0.1/../../../../aarch64-pc-cygwin/bin/ld: cannot export _sigfe_fileno: symbol not defined
/root/xc/inst/lib/gcc/aarch64-pc-cygwin/15.0.1/../../../../aarch64-pc-cygwin/bin/ld: cannot export _sigfe_fileno_unlocked: symbol not defined
/root/xc/inst/lib/gcc/aarch64-pc-cygwin/15.0.1/../../../../aarch64-pc-cygwin/bin/ld: cannot export _sigfe_fiprintf: symbol not defined
/root/xc/inst/lib/gcc/aarch64-pc-cygwin/15.0.1/../../../../aarch64-pc-cygwin/bin/ld: cannot export _sigfe_flistxattr: symbol not defined
/root/xc/inst/lib/gcc/aarch64-pc-cygwin/15.0.1/../../../../aarch64-pc-cygwin/bin/ld: cannot export _sigfe_flock: symbol not defined
/root/xc/inst/lib/gcc/aarch64-pc-cygwin/15.0.1/../../../../aarch64-pc-cygwin/bin/ld: cannot export _sigfe_flockfile: symbol not defined
/root/xc/inst/lib/gcc/aarch64-pc-cygwin/15.0.1/../../../../aarch64-pc-cygwin/bin/ld: cannot export _sigfe_fmemopen: symbol not defined
/root/xc/inst/lib/gcc/aarch64-pc-cygwin/15.0.1/../../../../aarch64-pc-cygwin/bin/ld: cannot export _sigfe_fopen: symbol not defined
/root/xc/inst/lib/gcc/aarch64-pc-cygwin/15.0.1/../../../../aarch64-pc-cygwin/bin/ld: cannot export _sigfe_fopencookie: symbol not defined
/root/xc/inst/lib/gcc/aarch64-pc-cygwin/15.0.1/../../../../aarch64-pc-cygwin/bin/ld: cannot export _sigfe_fork: symbol not defined
/root/xc/inst/lib/gcc/aarch64-pc-cygwin/15.0.1/../../../../aarch64-pc-cygwin/bin/ld: cannot export _sigfe_forkpty: symbol not defined
/root/xc/inst/lib/gcc/aarch64-pc-cygwin/15.0.1/../../../../aarch64-pc-cygwin/bin/ld: cannot export _sigfe_fpathconf: symbol not defined
/root/xc/inst/lib/gcc/aarch64-pc-cygwin/15.0.1/../../../../aarch64-pc-cygwin/bin/ld: cannot export _sigfe_fprintf: symbol not defined
/root/xc/inst/lib/gcc/aarch64-pc-cygwin/15.0.1/../../../../aarch64-pc-cygwin/bin/ld: cannot export _sigfe_fpurge: symbol not defined
/root/xc/inst/lib/gcc/aarch64-pc-cygwin/15.0.1/../../../../aarch64-pc-cygwin/bin/ld: cannot export _sigfe_fputc: symbol not defined
/root/xc/inst/lib/gcc/aarch64-pc-cygwin/15.0.1/../../../../aarch64-pc-cygwin/bin/ld: cannot export _sigfe_fputc_unlocked: symbol not defined
/root/xc/inst/lib/gcc/aarch64-pc-cygwin/15.0.1/../../../../aarch64-pc-cygwin/bin/ld: cannot export _sigfe_fputs: symbol not defined
/root/xc/inst/lib/gcc/aarch64-pc-cygwin/15.0.1/../../../../aarch64-pc-cygwin/bin/ld: cannot export _sigfe_fputs_unlocked: symbol not defined
/root/xc/inst/lib/gcc/aarch64-pc-cygwin/15.0.1/../../../../aarch64-pc-cygwin/bin/ld: cannot export _sigfe_fputwc: symbol not defined
/root/xc/inst/lib/gcc/aarch64-pc-cygwin/15.0.1/../../../../aarch64-pc-cygwin/bin/ld: cannot export _sigfe_fputwc_unlocked: symbol not defined
/root/xc/inst/lib/gcc/aarch64-pc-cygwin/15.0.1/../../../../aarch64-pc-cygwin/bin/ld: cannot export _sigfe_fputws: symbol not defined
/root/xc/inst/lib/gcc/aarch64-pc-cygwin/15.0.1/../../../../aarch64-pc-cygwin/bin/ld: cannot export _sigfe_fputws_unlocked: symbol not defined
/root/xc/inst/lib/gcc/aarch64-pc-cygwin/15.0.1/../../../../aarch64-pc-cygwin/bin/ld: cannot export _sigfe_fread: symbol not defined
/root/xc/inst/lib/gcc/aarch64-pc-cygwin/15.0.1/../../../../aarch64-pc-cygwin/bin/ld: cannot export _sigfe_fread_unlocked: symbol not defined
/root/xc/inst/lib/gcc/aarch64-pc-cygwin/15.0.1/../../../../aarch64-pc-cygwin/bin/ld: cannot export _sigfe_free: symbol not defined
/root/xc/inst/lib/gcc/aarch64-pc-cygwin/15.0.1/../../../../aarch64-pc-cygwin/bin/ld: cannot export _sigfe_cygwin_freeaddrinfo: symbol not defined
/root/xc/inst/lib/gcc/aarch64-pc-cygwin/15.0.1/../../../../aarch64-pc-cygwin/bin/ld: cannot export _sigfe_freeifaddrs: symbol not defined
/root/xc/inst/lib/gcc/aarch64-pc-cygwin/15.0.1/../../../../aarch64-pc-cygwin/bin/ld: cannot export _sigfe_freelocale: symbol not defined
/root/xc/inst/lib/gcc/aarch64-pc-cygwin/15.0.1/../../../../aarch64-pc-cygwin/bin/ld: cannot export _sigfe_fremovexattr: symbol not defined
/root/xc/inst/lib/gcc/aarch64-pc-cygwin/15.0.1/../../../../aarch64-pc-cygwin/bin/ld: cannot export _sigfe_freopen: symbol not defined
/root/xc/inst/lib/gcc/aarch64-pc-cygwin/15.0.1/../../../../aarch64-pc-cygwin/bin/ld: cannot export _sigfe_fscanf: symbol not defined
/root/xc/inst/lib/gcc/aarch64-pc-cygwin/15.0.1/../../../../aarch64-pc-cygwin/bin/ld: cannot export _sigfe_fseek: symbol not defined
/root/xc/inst/lib/gcc/aarch64-pc-cygwin/15.0.1/../../../../aarch64-pc-cygwin/bin/ld: cannot export _sigfe_fseeko: symbol not defined
/root/xc/inst/lib/gcc/aarch64-pc-cygwin/15.0.1/../../../../aarch64-pc-cygwin/bin/ld: cannot export _sigfe_fsetpos: symbol not defined
/root/xc/inst/lib/gcc/aarch64-pc-cygwin/15.0.1/../../../../aarch64-pc-cygwin/bin/ld: cannot export _sigfe_fsetxattr: symbol not defined
/root/xc/inst/lib/gcc/aarch64-pc-cygwin/15.0.1/../../../../aarch64-pc-cygwin/bin/ld: cannot export _sigfe_fstat: symbol not defined
/root/xc/inst/lib/gcc/aarch64-pc-cygwin/15.0.1/../../../../aarch64-pc-cygwin/bin/ld: cannot export _sigfe_fstatat: symbol not defined
/root/xc/inst/lib/gcc/aarch64-pc-cygwin/15.0.1/../../../../aarch64-pc-cygwin/bin/ld: cannot export _sigfe_fstatfs: symbol not defined
/root/xc/inst/lib/gcc/aarch64-pc-cygwin/15.0.1/../../../../aarch64-pc-cygwin/bin/ld: cannot export _sigfe_fstatvfs: symbol not defined
/root/xc/inst/lib/gcc/aarch64-pc-cygwin/15.0.1/../../../../aarch64-pc-cygwin/bin/ld: cannot export _sigfe_fsync: symbol not defined
/root/xc/inst/lib/gcc/aarch64-pc-cygwin/15.0.1/../../../../aarch64-pc-cygwin/bin/ld: cannot export _sigfe_ftell: symbol not defined
/root/xc/inst/lib/gcc/aarch64-pc-cygwin/15.0.1/../../../../aarch64-pc-cygwin/bin/ld: cannot export _sigfe_ftello: symbol not defined
/root/xc/inst/lib/gcc/aarch64-pc-cygwin/15.0.1/../../../../aarch64-pc-cygwin/bin/ld: cannot export _sigfe_ftime: symbol not defined
/root/xc/inst/lib/gcc/aarch64-pc-cygwin/15.0.1/../../../../aarch64-pc-cygwin/bin/ld: cannot export _sigfe_ftok: symbol not defined
/root/xc/inst/lib/gcc/aarch64-pc-cygwin/15.0.1/../../../../aarch64-pc-cygwin/bin/ld: cannot export _sigfe_ftruncate: symbol not defined
/root/xc/inst/lib/gcc/aarch64-pc-cygwin/15.0.1/../../../../aarch64-pc-cygwin/bin/ld: cannot export _sigfe_ftrylockfile: symbol not defined
/root/xc/inst/lib/gcc/aarch64-pc-cygwin/15.0.1/../../../../aarch64-pc-cygwin/bin/ld: cannot export _sigfe_fts_children: symbol not defined
/root/xc/inst/lib/gcc/aarch64-pc-cygwin/15.0.1/../../../../aarch64-pc-cygwin/bin/ld: cannot export _sigfe_fts_close: symbol not defined
/root/xc/inst/lib/gcc/aarch64-pc-cygwin/15.0.1/../../../../aarch64-pc-cygwin/bin/ld: cannot export _sigfe_fts_open: symbol not defined
/root/xc/inst/lib/gcc/aarch64-pc-cygwin/15.0.1/../../../../aarch64-pc-cygwin/bin/ld: cannot export _sigfe_fts_read: symbol not defined
/root/xc/inst/lib/gcc/aarch64-pc-cygwin/15.0.1/../../../../aarch64-pc-cygwin/bin/ld: cannot export _sigfe_ftw: symbol not defined
/root/xc/inst/lib/gcc/aarch64-pc-cygwin/15.0.1/../../../../aarch64-pc-cygwin/bin/ld: cannot export _sigfe_funlockfile: symbol not defined
/root/xc/inst/lib/gcc/aarch64-pc-cygwin/15.0.1/../../../../aarch64-pc-cygwin/bin/ld: cannot export _sigfe_funopen: symbol not defined
/root/xc/inst/lib/gcc/aarch64-pc-cygwin/15.0.1/../../../../aarch64-pc-cygwin/bin/ld: cannot export _sigfe_futimens: symbol not defined
/root/xc/inst/lib/gcc/aarch64-pc-cygwin/15.0.1/../../../../aarch64-pc-cygwin/bin/ld: cannot export _sigfe_futimes: symbol not defined
/root/xc/inst/lib/gcc/aarch64-pc-cygwin/15.0.1/../../../../aarch64-pc-cygwin/bin/ld: cannot export _sigfe_futimesat: symbol not defined
/root/xc/inst/lib/gcc/aarch64-pc-cygwin/15.0.1/../../../../aarch64-pc-cygwin/bin/ld: cannot export _sigfe_fwide: symbol not defined
/root/xc/inst/lib/gcc/aarch64-pc-cygwin/15.0.1/../../../../aarch64-pc-cygwin/bin/ld: cannot export _sigfe_fwprintf: symbol not defined
/root/xc/inst/lib/gcc/aarch64-pc-cygwin/15.0.1/../../../../aarch64-pc-cygwin/bin/ld: cannot export _sigfe_fwrite: symbol not defined
/root/xc/inst/lib/gcc/aarch64-pc-cygwin/15.0.1/../../../../aarch64-pc-cygwin/bin/ld: cannot export _sigfe_fwrite_unlocked: symbol not defined
/root/xc/inst/lib/gcc/aarch64-pc-cygwin/15.0.1/../../../../aarch64-pc-cygwin/bin/ld: cannot export _sigfe_fwscanf: symbol not defined
/root/xc/inst/lib/gcc/aarch64-pc-cygwin/15.0.1/../../../../aarch64-pc-cygwin/bin/ld: cannot export _sigfe_gcvt: symbol not defined
/root/xc/inst/lib/gcc/aarch64-pc-cygwin/15.0.1/../../../../aarch64-pc-cygwin/bin/ld: cannot export _sigfe_gcvtf: symbol not defined
/root/xc/inst/lib/gcc/aarch64-pc-cygwin/15.0.1/../../../../aarch64-pc-cygwin/bin/ld: cannot export _sigfe_get_avphys_pages: symbol not defined
/root/xc/inst/lib/gcc/aarch64-pc-cygwin/15.0.1/../../../../aarch64-pc-cygwin/bin/ld: cannot export _sigfe_get_current_dir_name: symbol not defined
/root/xc/inst/lib/gcc/aarch64-pc-cygwin/15.0.1/../../../../aarch64-pc-cygwin/bin/ld: cannot export _sigfe_get_nprocs: symbol not defined
/root/xc/inst/lib/gcc/aarch64-pc-cygwin/15.0.1/../../../../aarch64-pc-cygwin/bin/ld: cannot export _sigfe_get_nprocs_conf: symbol not defined
/root/xc/inst/lib/gcc/aarch64-pc-cygwin/15.0.1/../../../../aarch64-pc-cygwin/bin/ld: cannot export _sigfe_get_phys_pages: symbol not defined
/root/xc/inst/lib/gcc/aarch64-pc-cygwin/15.0.1/../../../../aarch64-pc-cygwin/bin/ld: cannot export _sigfe_cygwin_getaddrinfo: symbol not defined
/root/xc/inst/lib/gcc/aarch64-pc-cygwin/15.0.1/../../../../aarch64-pc-cygwin/bin/ld: cannot export _sigfe_getc: symbol not defined
/root/xc/inst/lib/gcc/aarch64-pc-cygwin/15.0.1/../../../../aarch64-pc-cygwin/bin/ld: cannot export _sigfe_getc_unlocked: symbol not defined
/root/xc/inst/lib/gcc/aarch64-pc-cygwin/15.0.1/../../../../aarch64-pc-cygwin/bin/ld: cannot export _sigfe_getchar: symbol not defined
/root/xc/inst/lib/gcc/aarch64-pc-cygwin/15.0.1/../../../../aarch64-pc-cygwin/bin/ld: cannot export _sigfe_getchar_unlocked: symbol not defined
/root/xc/inst/lib/gcc/aarch64-pc-cygwin/15.0.1/../../../../aarch64-pc-cygwin/bin/ld: cannot export _sigfe_getcwd: symbol not defined
/root/xc/inst/lib/gcc/aarch64-pc-cygwin/15.0.1/../../../../aarch64-pc-cygwin/bin/ld: cannot export _sigfe___getdelim: symbol not defined
/root/xc/inst/lib/gcc/aarch64-pc-cygwin/15.0.1/../../../../aarch64-pc-cygwin/bin/ld: cannot export _sigfe_getdomainname: symbol not defined
/root/xc/inst/lib/gcc/aarch64-pc-cygwin/15.0.1/../../../../aarch64-pc-cygwin/bin/ld: cannot export _sigfe_getentropy: symbol not defined
/root/xc/inst/lib/gcc/aarch64-pc-cygwin/15.0.1/../../../../aarch64-pc-cygwin/bin/ld: cannot export _sigfe_getgrent: symbol not defined
/root/xc/inst/lib/gcc/aarch64-pc-cygwin/15.0.1/../../../../aarch64-pc-cygwin/bin/ld: cannot export _sigfe_getgrgid: symbol not defined
/root/xc/inst/lib/gcc/aarch64-pc-cygwin/15.0.1/../../../../aarch64-pc-cygwin/bin/ld: cannot export _sigfe_getgrgid_r: symbol not defined
/root/xc/inst/lib/gcc/aarch64-pc-cygwin/15.0.1/../../../../aarch64-pc-cygwin/bin/ld: cannot export _sigfe_getgrnam: symbol not defined
/root/xc/inst/lib/gcc/aarch64-pc-cygwin/15.0.1/../../../../aarch64-pc-cygwin/bin/ld: cannot export _sigfe_getgrnam_r: symbol not defined
/root/xc/inst/lib/gcc/aarch64-pc-cygwin/15.0.1/../../../../aarch64-pc-cygwin/bin/ld: cannot export _sigfe_getgrouplist: symbol not defined
/root/xc/inst/lib/gcc/aarch64-pc-cygwin/15.0.1/../../../../aarch64-pc-cygwin/bin/ld: cannot export _sigfe_getgroups: symbol not defined
/root/xc/inst/lib/gcc/aarch64-pc-cygwin/15.0.1/../../../../aarch64-pc-cygwin/bin/ld: cannot export _sigfe_cygwin_gethostbyaddr: symbol not defined
/root/xc/inst/lib/gcc/aarch64-pc-cygwin/15.0.1/../../../../aarch64-pc-cygwin/bin/ld: cannot export _sigfe_cygwin_gethostbyname: symbol not defined
/root/xc/inst/lib/gcc/aarch64-pc-cygwin/15.0.1/../../../../aarch64-pc-cygwin/bin/ld: cannot export _sigfe_gethostbyname2: symbol not defined
/root/xc/inst/lib/gcc/aarch64-pc-cygwin/15.0.1/../../../../aarch64-pc-cygwin/bin/ld: cannot export _sigfe_gethostid: symbol not defined
/root/xc/inst/lib/gcc/aarch64-pc-cygwin/15.0.1/../../../../aarch64-pc-cygwin/bin/ld: cannot export _sigfe_cygwin_gethostname: symbol not defined
/root/xc/inst/lib/gcc/aarch64-pc-cygwin/15.0.1/../../../../aarch64-pc-cygwin/bin/ld: cannot export _sigfe_getifaddrs: symbol not defined
/root/xc/inst/lib/gcc/aarch64-pc-cygwin/15.0.1/../../../../aarch64-pc-cygwin/bin/ld: cannot export _sigfe_getitimer: symbol not defined
/root/xc/inst/lib/gcc/aarch64-pc-cygwin/15.0.1/../../../../aarch64-pc-cygwin/bin/ld: cannot export _sigfe___getline: symbol not defined
/root/xc/inst/lib/gcc/aarch64-pc-cygwin/15.0.1/../../../../aarch64-pc-cygwin/bin/ld: cannot export _sigfe_getloadavg: symbol not defined
/root/xc/inst/lib/gcc/aarch64-pc-cygwin/15.0.1/../../../../aarch64-pc-cygwin/bin/ld: cannot export _sigfe_getlocalename_l: symbol not defined
/root/xc/inst/lib/gcc/aarch64-pc-cygwin/15.0.1/../../../../aarch64-pc-cygwin/bin/ld: cannot export _sigfe_getmntent: symbol not defined
/root/xc/inst/lib/gcc/aarch64-pc-cygwin/15.0.1/../../../../aarch64-pc-cygwin/bin/ld: cannot export _sigfe_getmntent_r: symbol not defined
/root/xc/inst/lib/gcc/aarch64-pc-cygwin/15.0.1/../../../../aarch64-pc-cygwin/bin/ld: cannot export _sigfe_getmode: symbol not defined
/root/xc/inst/lib/gcc/aarch64-pc-cygwin/15.0.1/../../../../aarch64-pc-cygwin/bin/ld: cannot export _sigfe_cygwin_getnameinfo: symbol not defined
/root/xc/inst/lib/gcc/aarch64-pc-cygwin/15.0.1/../../../../aarch64-pc-cygwin/bin/ld: cannot export _sigfe_getopt: symbol not defined
/root/xc/inst/lib/gcc/aarch64-pc-cygwin/15.0.1/../../../../aarch64-pc-cygwin/bin/ld: cannot export _sigfe_getopt_long: symbol not defined
/root/xc/inst/lib/gcc/aarch64-pc-cygwin/15.0.1/../../../../aarch64-pc-cygwin/bin/ld: cannot export _sigfe_getopt_long_only: symbol not defined
/root/xc/inst/lib/gcc/aarch64-pc-cygwin/15.0.1/../../../../aarch64-pc-cygwin/bin/ld: cannot export _sigfe_getpagesize: symbol not defined
/root/xc/inst/lib/gcc/aarch64-pc-cygwin/15.0.1/../../../../aarch64-pc-cygwin/bin/ld: cannot export _sigfe_getpass: symbol not defined
/root/xc/inst/lib/gcc/aarch64-pc-cygwin/15.0.1/../../../../aarch64-pc-cygwin/bin/ld: cannot export _sigfe_getpeereid: symbol not defined
/root/xc/inst/lib/gcc/aarch64-pc-cygwin/15.0.1/../../../../aarch64-pc-cygwin/bin/ld: cannot export _sigfe_cygwin_getpeername: symbol not defined
/root/xc/inst/lib/gcc/aarch64-pc-cygwin/15.0.1/../../../../aarch64-pc-cygwin/bin/ld: cannot export _sigfe_getpgid: symbol not defined
/root/xc/inst/lib/gcc/aarch64-pc-cygwin/15.0.1/../../../../aarch64-pc-cygwin/bin/ld: cannot export _sigfe_getpgrp: symbol not defined
/root/xc/inst/lib/gcc/aarch64-pc-cygwin/15.0.1/../../../../aarch64-pc-cygwin/bin/ld: cannot export _sigfe_getpriority: symbol not defined
/root/xc/inst/lib/gcc/aarch64-pc-cygwin/15.0.1/../../../../aarch64-pc-cygwin/bin/ld: cannot export _sigfe_cygwin_getprotobyname: symbol not defined
/root/xc/inst/lib/gcc/aarch64-pc-cygwin/15.0.1/../../../../aarch64-pc-cygwin/bin/ld: cannot export _sigfe_cygwin_getprotobynumber: symbol not defined
/root/xc/inst/lib/gcc/aarch64-pc-cygwin/15.0.1/../../../../aarch64-pc-cygwin/bin/ld: cannot export _sigfe_cygwin_getprotoent: symbol not defined
/root/xc/inst/lib/gcc/aarch64-pc-cygwin/15.0.1/../../../../aarch64-pc-cygwin/bin/ld: cannot export _sigfe_getpt: symbol not defined
/root/xc/inst/lib/gcc/aarch64-pc-cygwin/15.0.1/../../../../aarch64-pc-cygwin/bin/ld: cannot export _sigfe_getpwent: symbol not defined
/root/xc/inst/lib/gcc/aarch64-pc-cygwin/15.0.1/../../../../aarch64-pc-cygwin/bin/ld: cannot export _sigfe_getpwnam: symbol not defined
/root/xc/inst/lib/gcc/aarch64-pc-cygwin/15.0.1/../../../../aarch64-pc-cygwin/bin/ld: cannot export _sigfe_getpwnam_r: symbol not defined
/root/xc/inst/lib/gcc/aarch64-pc-cygwin/15.0.1/../../../../aarch64-pc-cygwin/bin/ld: cannot export _sigfe_getpwuid: symbol not defined
/root/xc/inst/lib/gcc/aarch64-pc-cygwin/15.0.1/../../../../aarch64-pc-cygwin/bin/ld: cannot export _sigfe_getpwuid_r: symbol not defined
/root/xc/inst/lib/gcc/aarch64-pc-cygwin/15.0.1/../../../../aarch64-pc-cygwin/bin/ld: cannot export _sigfe_getrandom: symbol not defined
/root/xc/inst/lib/gcc/aarch64-pc-cygwin/15.0.1/../../../../aarch64-pc-cygwin/bin/ld: cannot export _sigfe_getrlimit: symbol not defined
/root/xc/inst/lib/gcc/aarch64-pc-cygwin/15.0.1/../../../../aarch64-pc-cygwin/bin/ld: cannot export _sigfe_getrusage: symbol not defined
/root/xc/inst/lib/gcc/aarch64-pc-cygwin/15.0.1/../../../../aarch64-pc-cygwin/bin/ld: cannot export _sigfe_gets: symbol not defined
/root/xc/inst/lib/gcc/aarch64-pc-cygwin/15.0.1/../../../../aarch64-pc-cygwin/bin/ld: cannot export _sigfe_cygwin_getservbyname: symbol not defined
/root/xc/inst/lib/gcc/aarch64-pc-cygwin/15.0.1/../../../../aarch64-pc-cygwin/bin/ld: cannot export _sigfe_cygwin_getservbyport: symbol not defined
/root/xc/inst/lib/gcc/aarch64-pc-cygwin/15.0.1/../../../../aarch64-pc-cygwin/bin/ld: cannot export _sigfe_cygwin_getservent: symbol not defined
/root/xc/inst/lib/gcc/aarch64-pc-cygwin/15.0.1/../../../../aarch64-pc-cygwin/bin/ld: cannot export _sigfe_getsid: symbol not defined
/root/xc/inst/lib/gcc/aarch64-pc-cygwin/15.0.1/../../../../aarch64-pc-cygwin/bin/ld: cannot export _sigfe_cygwin_getsockname: symbol not defined
/root/xc/inst/lib/gcc/aarch64-pc-cygwin/15.0.1/../../../../aarch64-pc-cygwin/bin/ld: cannot export _sigfe_cygwin_getsockopt: symbol not defined
/root/xc/inst/lib/gcc/aarch64-pc-cygwin/15.0.1/../../../../aarch64-pc-cygwin/bin/ld: cannot export _sigfe_gettimeofday: symbol not defined
/root/xc/inst/lib/gcc/aarch64-pc-cygwin/15.0.1/../../../../aarch64-pc-cygwin/bin/ld: cannot export _sigfe_getusershell: symbol not defined
/root/xc/inst/lib/gcc/aarch64-pc-cygwin/15.0.1/../../../../aarch64-pc-cygwin/bin/ld: cannot export _sigfe_getutent: symbol not defined
/root/xc/inst/lib/gcc/aarch64-pc-cygwin/15.0.1/../../../../aarch64-pc-cygwin/bin/ld: cannot export _sigfe_getutid: symbol not defined
/root/xc/inst/lib/gcc/aarch64-pc-cygwin/15.0.1/../../../../aarch64-pc-cygwin/bin/ld: cannot export _sigfe_getutline: symbol not defined
/root/xc/inst/lib/gcc/aarch64-pc-cygwin/15.0.1/../../../../aarch64-pc-cygwin/bin/ld: cannot export _sigfe_getutxent: symbol not defined
/root/xc/inst/lib/gcc/aarch64-pc-cygwin/15.0.1/../../../../aarch64-pc-cygwin/bin/ld: cannot export _sigfe_getutxid: symbol not defined
/root/xc/inst/lib/gcc/aarch64-pc-cygwin/15.0.1/../../../../aarch64-pc-cygwin/bin/ld: cannot export _sigfe_getutxline: symbol not defined
/root/xc/inst/lib/gcc/aarch64-pc-cygwin/15.0.1/../../../../aarch64-pc-cygwin/bin/ld: cannot export _sigfe_getw: symbol not defined
/root/xc/inst/lib/gcc/aarch64-pc-cygwin/15.0.1/../../../../aarch64-pc-cygwin/bin/ld: cannot export _sigfe_getwc: symbol not defined
/root/xc/inst/lib/gcc/aarch64-pc-cygwin/15.0.1/../../../../aarch64-pc-cygwin/bin/ld: cannot export _sigfe_getwc_unlocked: symbol not defined
/root/xc/inst/lib/gcc/aarch64-pc-cygwin/15.0.1/../../../../aarch64-pc-cygwin/bin/ld: cannot export _sigfe_getwchar: symbol not defined
/root/xc/inst/lib/gcc/aarch64-pc-cygwin/15.0.1/../../../../aarch64-pc-cygwin/bin/ld: cannot export _sigfe_getwchar_unlocked: symbol not defined
/root/xc/inst/lib/gcc/aarch64-pc-cygwin/15.0.1/../../../../aarch64-pc-cygwin/bin/ld: cannot export _sigfe_getwd: symbol not defined
/root/xc/inst/lib/gcc/aarch64-pc-cygwin/15.0.1/../../../../aarch64-pc-cygwin/bin/ld: cannot export _sigfe_getxattr: symbol not defined
/root/xc/inst/lib/gcc/aarch64-pc-cygwin/15.0.1/../../../../aarch64-pc-cygwin/bin/ld: cannot export _sigfe_glob: symbol not defined
/root/xc/inst/lib/gcc/aarch64-pc-cygwin/15.0.1/../../../../aarch64-pc-cygwin/bin/ld: cannot export _sigfe_glob_pattern_p: symbol not defined
/root/xc/inst/lib/gcc/aarch64-pc-cygwin/15.0.1/../../../../aarch64-pc-cygwin/bin/ld: cannot export _sigfe_globfree: symbol not defined
/root/xc/inst/lib/gcc/aarch64-pc-cygwin/15.0.1/../../../../aarch64-pc-cygwin/bin/ld: cannot export _sigfe_gmtime: symbol not defined
/root/xc/inst/lib/gcc/aarch64-pc-cygwin/15.0.1/../../../../aarch64-pc-cygwin/bin/ld: cannot export _sigfe_gmtime_r: symbol not defined
/root/xc/inst/lib/gcc/aarch64-pc-cygwin/15.0.1/../../../../aarch64-pc-cygwin/bin/ld: cannot export _sigfe_hcreate: symbol not defined
/root/xc/inst/lib/gcc/aarch64-pc-cygwin/15.0.1/../../../../aarch64-pc-cygwin/bin/ld: cannot export _sigfe_hcreate_r: symbol not defined
/root/xc/inst/lib/gcc/aarch64-pc-cygwin/15.0.1/../../../../aarch64-pc-cygwin/bin/ld: cannot export _sigfe_hdestroy: symbol not defined
/root/xc/inst/lib/gcc/aarch64-pc-cygwin/15.0.1/../../../../aarch64-pc-cygwin/bin/ld: cannot export _sigfe_hdestroy_r: symbol not defined
/root/xc/inst/lib/gcc/aarch64-pc-cygwin/15.0.1/../../../../aarch64-pc-cygwin/bin/ld: cannot export _sigfe_cygwin_herror: symbol not defined
/root/xc/inst/lib/gcc/aarch64-pc-cygwin/15.0.1/../../../../aarch64-pc-cygwin/bin/ld: cannot export _sigfe_hsearch: symbol not defined
/root/xc/inst/lib/gcc/aarch64-pc-cygwin/15.0.1/../../../../aarch64-pc-cygwin/bin/ld: cannot export _sigfe_hsearch_r: symbol not defined
/root/xc/inst/lib/gcc/aarch64-pc-cygwin/15.0.1/../../../../aarch64-pc-cygwin/bin/ld: cannot export _sigfe_if_freenameindex: symbol not defined
/root/xc/inst/lib/gcc/aarch64-pc-cygwin/15.0.1/../../../../aarch64-pc-cygwin/bin/ld: cannot export _sigfe_cygwin_if_indextoname: symbol not defined
/root/xc/inst/lib/gcc/aarch64-pc-cygwin/15.0.1/../../../../aarch64-pc-cygwin/bin/ld: cannot export _sigfe_if_nameindex: symbol not defined
/root/xc/inst/lib/gcc/aarch64-pc-cygwin/15.0.1/../../../../aarch64-pc-cygwin/bin/ld: cannot export _sigfe_cygwin_if_nametoindex: symbol not defined
/root/xc/inst/lib/gcc/aarch64-pc-cygwin/15.0.1/../../../../aarch64-pc-cygwin/bin/ld: cannot export _sigfe_cygwin_inet_addr: symbol not defined
/root/xc/inst/lib/gcc/aarch64-pc-cygwin/15.0.1/../../../../aarch64-pc-cygwin/bin/ld: cannot export _sigfe_cygwin_inet_aton: symbol not defined
/root/xc/inst/lib/gcc/aarch64-pc-cygwin/15.0.1/../../../../aarch64-pc-cygwin/bin/ld: cannot export _sigfe_cygwin_inet_network: symbol not defined
/root/xc/inst/lib/gcc/aarch64-pc-cygwin/15.0.1/../../../../aarch64-pc-cygwin/bin/ld: cannot export _sigfe_cygwin_inet_ntoa: symbol not defined
/root/xc/inst/lib/gcc/aarch64-pc-cygwin/15.0.1/../../../../aarch64-pc-cygwin/bin/ld: cannot export _sigfe_cygwin_inet_ntop: symbol not defined
/root/xc/inst/lib/gcc/aarch64-pc-cygwin/15.0.1/../../../../aarch64-pc-cygwin/bin/ld: cannot export _sigfe_cygwin_inet_pton: symbol not defined
/root/xc/inst/lib/gcc/aarch64-pc-cygwin/15.0.1/../../../../aarch64-pc-cygwin/bin/ld: cannot export _sigfe_initgroups: symbol not defined
/root/xc/inst/lib/gcc/aarch64-pc-cygwin/15.0.1/../../../../aarch64-pc-cygwin/bin/ld: cannot export _sigfe_ioctl: symbol not defined
/root/xc/inst/lib/gcc/aarch64-pc-cygwin/15.0.1/../../../../aarch64-pc-cygwin/bin/ld: cannot export _sigfe_iprintf: symbol not defined
/root/xc/inst/lib/gcc/aarch64-pc-cygwin/15.0.1/../../../../aarch64-pc-cygwin/bin/ld: cannot export _sigfe_iruserok: symbol not defined
/root/xc/inst/lib/gcc/aarch64-pc-cygwin/15.0.1/../../../../aarch64-pc-cygwin/bin/ld: cannot export _sigfe_iruserok_sa: symbol not defined
/root/xc/inst/lib/gcc/aarch64-pc-cygwin/15.0.1/../../../../aarch64-pc-cygwin/bin/ld: cannot export _sigfe_isatty: symbol not defined
/root/xc/inst/lib/gcc/aarch64-pc-cygwin/15.0.1/../../../../aarch64-pc-cygwin/bin/ld: cannot export _sigfe_kill: symbol not defined
/root/xc/inst/lib/gcc/aarch64-pc-cygwin/15.0.1/../../../../aarch64-pc-cygwin/bin/ld: cannot export _sigfe_killpg: symbol not defined
/root/xc/inst/lib/gcc/aarch64-pc-cygwin/15.0.1/../../../../aarch64-pc-cygwin/bin/ld: cannot export _sigfe_lchown: symbol not defined
/root/xc/inst/lib/gcc/aarch64-pc-cygwin/15.0.1/../../../../aarch64-pc-cygwin/bin/ld: cannot export _sigfe_lgetxattr: symbol not defined
/root/xc/inst/lib/gcc/aarch64-pc-cygwin/15.0.1/../../../../aarch64-pc-cygwin/bin/ld: cannot export _sigfe_link: symbol not defined
/root/xc/inst/lib/gcc/aarch64-pc-cygwin/15.0.1/../../../../aarch64-pc-cygwin/bin/ld: cannot export _sigfe_linkat: symbol not defined
/root/xc/inst/lib/gcc/aarch64-pc-cygwin/15.0.1/../../../../aarch64-pc-cygwin/bin/ld: cannot export _sigfe_lio_listio: symbol not defined
/root/xc/inst/lib/gcc/aarch64-pc-cygwin/15.0.1/../../../../aarch64-pc-cygwin/bin/ld: cannot export _sigfe_cygwin_listen: symbol not defined
/root/xc/inst/lib/gcc/aarch64-pc-cygwin/15.0.1/../../../../aarch64-pc-cygwin/bin/ld: cannot export _sigfe_listxattr: symbol not defined
/root/xc/inst/lib/gcc/aarch64-pc-cygwin/15.0.1/../../../../aarch64-pc-cygwin/bin/ld: cannot export _sigfe_llistxattr: symbol not defined
/root/xc/inst/lib/gcc/aarch64-pc-cygwin/15.0.1/../../../../aarch64-pc-cygwin/bin/ld: cannot export _sigfe_localtime: symbol not defined
/root/xc/inst/lib/gcc/aarch64-pc-cygwin/15.0.1/../../../../aarch64-pc-cygwin/bin/ld: cannot export _sigfe_localtime_r: symbol not defined
/root/xc/inst/lib/gcc/aarch64-pc-cygwin/15.0.1/../../../../aarch64-pc-cygwin/bin/ld: cannot export _sigfe_lockf: symbol not defined
/root/xc/inst/lib/gcc/aarch64-pc-cygwin/15.0.1/../../../../aarch64-pc-cygwin/bin/ld: cannot export _sigfe_login: symbol not defined
/root/xc/inst/lib/gcc/aarch64-pc-cygwin/15.0.1/../../../../aarch64-pc-cygwin/bin/ld: cannot export _sigfe_login_tty: symbol not defined
/root/xc/inst/lib/gcc/aarch64-pc-cygwin/15.0.1/../../../../aarch64-pc-cygwin/bin/ld: cannot export _sigfe_logout: symbol not defined
/root/xc/inst/lib/gcc/aarch64-pc-cygwin/15.0.1/../../../../aarch64-pc-cygwin/bin/ld: cannot export _sigfe_logwtmp: symbol not defined
/root/xc/inst/lib/gcc/aarch64-pc-cygwin/15.0.1/../../../../aarch64-pc-cygwin/bin/ld: cannot export _sigfe_lremovexattr: symbol not defined
/root/xc/inst/lib/gcc/aarch64-pc-cygwin/15.0.1/../../../../aarch64-pc-cygwin/bin/ld: cannot export _sigfe_lseek: symbol not defined
/root/xc/inst/lib/gcc/aarch64-pc-cygwin/15.0.1/../../../../aarch64-pc-cygwin/bin/ld: cannot export _sigfe_lsetxattr: symbol not defined
/root/xc/inst/lib/gcc/aarch64-pc-cygwin/15.0.1/../../../../aarch64-pc-cygwin/bin/ld: cannot export _sigfe_lstat: symbol not defined
/root/xc/inst/lib/gcc/aarch64-pc-cygwin/15.0.1/../../../../aarch64-pc-cygwin/bin/ld: cannot export _sigfe_lutimes: symbol not defined
/root/xc/inst/lib/gcc/aarch64-pc-cygwin/15.0.1/../../../../aarch64-pc-cygwin/bin/ld: cannot export _sigfe_posix_madvise: symbol not defined
/root/xc/inst/lib/gcc/aarch64-pc-cygwin/15.0.1/../../../../aarch64-pc-cygwin/bin/ld: cannot export _sigfe_mallinfo: symbol not defined
/root/xc/inst/lib/gcc/aarch64-pc-cygwin/15.0.1/../../../../aarch64-pc-cygwin/bin/ld: cannot export _sigfe_malloc: symbol not defined
/root/xc/inst/lib/gcc/aarch64-pc-cygwin/15.0.1/../../../../aarch64-pc-cygwin/bin/ld: cannot export _sigfe_malloc_stats: symbol not defined
/root/xc/inst/lib/gcc/aarch64-pc-cygwin/15.0.1/../../../../aarch64-pc-cygwin/bin/ld: cannot export _sigfe_malloc_trim: symbol not defined
/root/xc/inst/lib/gcc/aarch64-pc-cygwin/15.0.1/../../../../aarch64-pc-cygwin/bin/ld: cannot export _sigfe_malloc_usable_size: symbol not defined
/root/xc/inst/lib/gcc/aarch64-pc-cygwin/15.0.1/../../../../aarch64-pc-cygwin/bin/ld: cannot export _sigfe_mallopt: symbol not defined
/root/xc/inst/lib/gcc/aarch64-pc-cygwin/15.0.1/../../../../aarch64-pc-cygwin/bin/ld: cannot export _sigfe_memalign: symbol not defined
/root/xc/inst/lib/gcc/aarch64-pc-cygwin/15.0.1/../../../../aarch64-pc-cygwin/bin/ld: cannot export _sigfe_mkdir: symbol not defined
/root/xc/inst/lib/gcc/aarch64-pc-cygwin/15.0.1/../../../../aarch64-pc-cygwin/bin/ld: cannot export _sigfe_mkdirat: symbol not defined
/root/xc/inst/lib/gcc/aarch64-pc-cygwin/15.0.1/../../../../aarch64-pc-cygwin/bin/ld: cannot export _sigfe_mkdtemp: symbol not defined
/root/xc/inst/lib/gcc/aarch64-pc-cygwin/15.0.1/../../../../aarch64-pc-cygwin/bin/ld: cannot export _sigfe_mkfifo: symbol not defined
/root/xc/inst/lib/gcc/aarch64-pc-cygwin/15.0.1/../../../../aarch64-pc-cygwin/bin/ld: cannot export _sigfe_mkfifoat: symbol not defined
/root/xc/inst/lib/gcc/aarch64-pc-cygwin/15.0.1/../../../../aarch64-pc-cygwin/bin/ld: cannot export _sigfe_mknod: symbol not defined
/root/xc/inst/lib/gcc/aarch64-pc-cygwin/15.0.1/../../../../aarch64-pc-cygwin/bin/ld: cannot export _sigfe_mknodat: symbol not defined
/root/xc/inst/lib/gcc/aarch64-pc-cygwin/15.0.1/../../../../aarch64-pc-cygwin/bin/ld: cannot export _sigfe_mkostemp: symbol not defined
/root/xc/inst/lib/gcc/aarch64-pc-cygwin/15.0.1/../../../../aarch64-pc-cygwin/bin/ld: cannot export _sigfe_mkostemps: symbol not defined
/root/xc/inst/lib/gcc/aarch64-pc-cygwin/15.0.1/../../../../aarch64-pc-cygwin/bin/ld: cannot export _sigfe_mkstemp: symbol not defined
/root/xc/inst/lib/gcc/aarch64-pc-cygwin/15.0.1/../../../../aarch64-pc-cygwin/bin/ld: cannot export _sigfe_mkstemps: symbol not defined
/root/xc/inst/lib/gcc/aarch64-pc-cygwin/15.0.1/../../../../aarch64-pc-cygwin/bin/ld: cannot export _sigfe_mktemp: symbol not defined
/root/xc/inst/lib/gcc/aarch64-pc-cygwin/15.0.1/../../../../aarch64-pc-cygwin/bin/ld: cannot export _sigfe_mktime: symbol not defined
/root/xc/inst/lib/gcc/aarch64-pc-cygwin/15.0.1/../../../../aarch64-pc-cygwin/bin/ld: cannot export _sigfe_mlock: symbol not defined
/root/xc/inst/lib/gcc/aarch64-pc-cygwin/15.0.1/../../../../aarch64-pc-cygwin/bin/ld: cannot export _sigfe_mmap: symbol not defined
/root/xc/inst/lib/gcc/aarch64-pc-cygwin/15.0.1/../../../../aarch64-pc-cygwin/bin/ld: cannot export _sigfe_mount: symbol not defined
/root/xc/inst/lib/gcc/aarch64-pc-cygwin/15.0.1/../../../../aarch64-pc-cygwin/bin/ld: cannot export _sigfe_mprotect: symbol not defined
/root/xc/inst/lib/gcc/aarch64-pc-cygwin/15.0.1/../../../../aarch64-pc-cygwin/bin/ld: cannot export _sigfe_mq_close: symbol not defined
/root/xc/inst/lib/gcc/aarch64-pc-cygwin/15.0.1/../../../../aarch64-pc-cygwin/bin/ld: cannot export _sigfe_mq_getattr: symbol not defined
/root/xc/inst/lib/gcc/aarch64-pc-cygwin/15.0.1/../../../../aarch64-pc-cygwin/bin/ld: cannot export _sigfe_mq_notify: symbol not defined
/root/xc/inst/lib/gcc/aarch64-pc-cygwin/15.0.1/../../../../aarch64-pc-cygwin/bin/ld: cannot export _sigfe_mq_open: symbol not defined
/root/xc/inst/lib/gcc/aarch64-pc-cygwin/15.0.1/../../../../aarch64-pc-cygwin/bin/ld: cannot export _sigfe_mq_receive: symbol not defined
/root/xc/inst/lib/gcc/aarch64-pc-cygwin/15.0.1/../../../../aarch64-pc-cygwin/bin/ld: cannot export _sigfe_mq_send: symbol not defined
/root/xc/inst/lib/gcc/aarch64-pc-cygwin/15.0.1/../../../../aarch64-pc-cygwin/bin/ld: cannot export _sigfe_mq_setattr: symbol not defined
/root/xc/inst/lib/gcc/aarch64-pc-cygwin/15.0.1/../../../../aarch64-pc-cygwin/bin/ld: cannot export _sigfe_mq_timedreceive: symbol not defined
/root/xc/inst/lib/gcc/aarch64-pc-cygwin/15.0.1/../../../../aarch64-pc-cygwin/bin/ld: cannot export _sigfe_mq_timedsend: symbol not defined
/root/xc/inst/lib/gcc/aarch64-pc-cygwin/15.0.1/../../../../aarch64-pc-cygwin/bin/ld: cannot export _sigfe_mq_unlink: symbol not defined
/root/xc/inst/lib/gcc/aarch64-pc-cygwin/15.0.1/../../../../aarch64-pc-cygwin/bin/ld: cannot export _sigfe_msgctl: symbol not defined
/root/xc/inst/lib/gcc/aarch64-pc-cygwin/15.0.1/../../../../aarch64-pc-cygwin/bin/ld: cannot export _sigfe_msgget: symbol not defined
/root/xc/inst/lib/gcc/aarch64-pc-cygwin/15.0.1/../../../../aarch64-pc-cygwin/bin/ld: cannot export _sigfe_msgrcv: symbol not defined
/root/xc/inst/lib/gcc/aarch64-pc-cygwin/15.0.1/../../../../aarch64-pc-cygwin/bin/ld: cannot export _sigfe_msgsnd: symbol not defined
/root/xc/inst/lib/gcc/aarch64-pc-cygwin/15.0.1/../../../../aarch64-pc-cygwin/bin/ld: cannot export _sigfe_msync: symbol not defined
/root/xc/inst/lib/gcc/aarch64-pc-cygwin/15.0.1/../../../../aarch64-pc-cygwin/bin/ld: cannot export _sigfe_maybe_msys_detach_dll: symbol not defined
/root/xc/inst/lib/gcc/aarch64-pc-cygwin/15.0.1/../../../../aarch64-pc-cygwin/bin/ld: cannot export msys_dll_init: symbol not defined
/root/xc/inst/lib/gcc/aarch64-pc-cygwin/15.0.1/../../../../aarch64-pc-cygwin/bin/ld: cannot export _sigfe_mtx_destroy: symbol not defined
/root/xc/inst/lib/gcc/aarch64-pc-cygwin/15.0.1/../../../../aarch64-pc-cygwin/bin/ld: cannot export _sigfe_mtx_init: symbol not defined
/root/xc/inst/lib/gcc/aarch64-pc-cygwin/15.0.1/../../../../aarch64-pc-cygwin/bin/ld: cannot export _sigfe_mtx_lock: symbol not defined
/root/xc/inst/lib/gcc/aarch64-pc-cygwin/15.0.1/../../../../aarch64-pc-cygwin/bin/ld: cannot export _sigfe_mtx_timedlock: symbol not defined
/root/xc/inst/lib/gcc/aarch64-pc-cygwin/15.0.1/../../../../aarch64-pc-cygwin/bin/ld: cannot export _sigfe_mtx_trylock: symbol not defined
/root/xc/inst/lib/gcc/aarch64-pc-cygwin/15.0.1/../../../../aarch64-pc-cygwin/bin/ld: cannot export _sigfe_mtx_unlock: symbol not defined
/root/xc/inst/lib/gcc/aarch64-pc-cygwin/15.0.1/../../../../aarch64-pc-cygwin/bin/ld: cannot export _sigfe_munlock: symbol not defined
/root/xc/inst/lib/gcc/aarch64-pc-cygwin/15.0.1/../../../../aarch64-pc-cygwin/bin/ld: cannot export _sigfe_munmap: symbol not defined
/root/xc/inst/lib/gcc/aarch64-pc-cygwin/15.0.1/../../../../aarch64-pc-cygwin/bin/ld: cannot export _sigfe_nanosleep: symbol not defined
/root/xc/inst/lib/gcc/aarch64-pc-cygwin/15.0.1/../../../../aarch64-pc-cygwin/bin/ld: cannot export _sigfe_newlocale: symbol not defined
/root/xc/inst/lib/gcc/aarch64-pc-cygwin/15.0.1/../../../../aarch64-pc-cygwin/bin/ld: cannot export _sigfe_nftw: symbol not defined
/root/xc/inst/lib/gcc/aarch64-pc-cygwin/15.0.1/../../../../aarch64-pc-cygwin/bin/ld: cannot export _sigfe_nice: symbol not defined
/root/xc/inst/lib/gcc/aarch64-pc-cygwin/15.0.1/../../../../aarch64-pc-cygwin/bin/ld: cannot export _sigfe_nl_langinfo: symbol not defined
/root/xc/inst/lib/gcc/aarch64-pc-cygwin/15.0.1/../../../../aarch64-pc-cygwin/bin/ld: cannot export _sigfe_nl_langinfo_l: symbol not defined
/root/xc/inst/lib/gcc/aarch64-pc-cygwin/15.0.1/../../../../aarch64-pc-cygwin/bin/ld: cannot export _sigfe_on_exit: symbol not defined
/root/xc/inst/lib/gcc/aarch64-pc-cygwin/15.0.1/../../../../aarch64-pc-cygwin/bin/ld: cannot export _sigfe_open: symbol not defined
/root/xc/inst/lib/gcc/aarch64-pc-cygwin/15.0.1/../../../../aarch64-pc-cygwin/bin/ld: cannot export _sigfe_open_memstream: symbol not defined
/root/xc/inst/lib/gcc/aarch64-pc-cygwin/15.0.1/../../../../aarch64-pc-cygwin/bin/ld: cannot export _sigfe_open_wmemstream: symbol not defined
/root/xc/inst/lib/gcc/aarch64-pc-cygwin/15.0.1/../../../../aarch64-pc-cygwin/bin/ld: cannot export _sigfe_openat: symbol not defined
/root/xc/inst/lib/gcc/aarch64-pc-cygwin/15.0.1/../../../../aarch64-pc-cygwin/bin/ld: cannot export _sigfe_opendir: symbol not defined
/root/xc/inst/lib/gcc/aarch64-pc-cygwin/15.0.1/../../../../aarch64-pc-cygwin/bin/ld: cannot export _sigfe_openlog: symbol not defined
/root/xc/inst/lib/gcc/aarch64-pc-cygwin/15.0.1/../../../../aarch64-pc-cygwin/bin/ld: cannot export _sigfe_openpty: symbol not defined
/root/xc/inst/lib/gcc/aarch64-pc-cygwin/15.0.1/../../../../aarch64-pc-cygwin/bin/ld: cannot export _sigfe_pathconf: symbol not defined
/root/xc/inst/lib/gcc/aarch64-pc-cygwin/15.0.1/../../../../aarch64-pc-cygwin/bin/ld: cannot export _sigfe_pause: symbol not defined
/root/xc/inst/lib/gcc/aarch64-pc-cygwin/15.0.1/../../../../aarch64-pc-cygwin/bin/ld: cannot export _sigfe_pclose: symbol not defined
/root/xc/inst/lib/gcc/aarch64-pc-cygwin/15.0.1/../../../../aarch64-pc-cygwin/bin/ld: cannot export _sigfe_perror: symbol not defined
/root/xc/inst/lib/gcc/aarch64-pc-cygwin/15.0.1/../../../../aarch64-pc-cygwin/bin/ld: cannot export _sigfe_pipe: symbol not defined
/root/xc/inst/lib/gcc/aarch64-pc-cygwin/15.0.1/../../../../aarch64-pc-cygwin/bin/ld: cannot export _sigfe_pipe2: symbol not defined
/root/xc/inst/lib/gcc/aarch64-pc-cygwin/15.0.1/../../../../aarch64-pc-cygwin/bin/ld: cannot export _sigfe_poll: symbol not defined
/root/xc/inst/lib/gcc/aarch64-pc-cygwin/15.0.1/../../../../aarch64-pc-cygwin/bin/ld: cannot export _sigfe_popen: symbol not defined
/root/xc/inst/lib/gcc/aarch64-pc-cygwin/15.0.1/../../../../aarch64-pc-cygwin/bin/ld: cannot export _sigfe_posix_close: symbol not defined
/root/xc/inst/lib/gcc/aarch64-pc-cygwin/15.0.1/../../../../aarch64-pc-cygwin/bin/ld: cannot export _sigfe_posix_fadvise: symbol not defined
/root/xc/inst/lib/gcc/aarch64-pc-cygwin/15.0.1/../../../../aarch64-pc-cygwin/bin/ld: cannot export _sigfe_posix_fallocate: symbol not defined
/root/xc/inst/lib/gcc/aarch64-pc-cygwin/15.0.1/../../../../aarch64-pc-cygwin/bin/ld: cannot export _sigfe_posix_getdents: symbol not defined
/root/xc/inst/lib/gcc/aarch64-pc-cygwin/15.0.1/../../../../aarch64-pc-cygwin/bin/ld: cannot export _sigfe_posix_madvise: symbol not defined
/root/xc/inst/lib/gcc/aarch64-pc-cygwin/15.0.1/../../../../aarch64-pc-cygwin/bin/ld: cannot export _sigfe_posix_memalign: symbol not defined
/root/xc/inst/lib/gcc/aarch64-pc-cygwin/15.0.1/../../../../aarch64-pc-cygwin/bin/ld: cannot export _sigfe_posix_openpt: symbol not defined
/root/xc/inst/lib/gcc/aarch64-pc-cygwin/15.0.1/../../../../aarch64-pc-cygwin/bin/ld: cannot export _sigfe_posix_spawn: symbol not defined
/root/xc/inst/lib/gcc/aarch64-pc-cygwin/15.0.1/../../../../aarch64-pc-cygwin/bin/ld: cannot export _sigfe_posix_spawn_file_actions_addchdir_np: symbol not defined
/root/xc/inst/lib/gcc/aarch64-pc-cygwin/15.0.1/../../../../aarch64-pc-cygwin/bin/ld: cannot export _sigfe_posix_spawn_file_actions_addchdir_np: symbol not defined
/root/xc/inst/lib/gcc/aarch64-pc-cygwin/15.0.1/../../../../aarch64-pc-cygwin/bin/ld: cannot export _sigfe_posix_spawn_file_actions_addclose: symbol not defined
/root/xc/inst/lib/gcc/aarch64-pc-cygwin/15.0.1/../../../../aarch64-pc-cygwin/bin/ld: cannot export _sigfe_posix_spawn_file_actions_adddup2: symbol not defined
/root/xc/inst/lib/gcc/aarch64-pc-cygwin/15.0.1/../../../../aarch64-pc-cygwin/bin/ld: cannot export _sigfe_posix_spawn_file_actions_addfchdir_np: symbol not defined
/root/xc/inst/lib/gcc/aarch64-pc-cygwin/15.0.1/../../../../aarch64-pc-cygwin/bin/ld: cannot export _sigfe_posix_spawn_file_actions_addfchdir_np: symbol not defined
/root/xc/inst/lib/gcc/aarch64-pc-cygwin/15.0.1/../../../../aarch64-pc-cygwin/bin/ld: cannot export _sigfe_posix_spawn_file_actions_addopen: symbol not defined
/root/xc/inst/lib/gcc/aarch64-pc-cygwin/15.0.1/../../../../aarch64-pc-cygwin/bin/ld: cannot export _sigfe_posix_spawn_file_actions_destroy: symbol not defined
/root/xc/inst/lib/gcc/aarch64-pc-cygwin/15.0.1/../../../../aarch64-pc-cygwin/bin/ld: cannot export _sigfe_posix_spawn_file_actions_init: symbol not defined
/root/xc/inst/lib/gcc/aarch64-pc-cygwin/15.0.1/../../../../aarch64-pc-cygwin/bin/ld: cannot export _sigfe_posix_spawnattr_destroy: symbol not defined
/root/xc/inst/lib/gcc/aarch64-pc-cygwin/15.0.1/../../../../aarch64-pc-cygwin/bin/ld: cannot export _sigfe_posix_spawnattr_init: symbol not defined
/root/xc/inst/lib/gcc/aarch64-pc-cygwin/15.0.1/../../../../aarch64-pc-cygwin/bin/ld: cannot export _sigfe_posix_spawnp: symbol not defined
/root/xc/inst/lib/gcc/aarch64-pc-cygwin/15.0.1/../../../../aarch64-pc-cygwin/bin/ld: cannot export _sigfe_ppoll: symbol not defined
/root/xc/inst/lib/gcc/aarch64-pc-cygwin/15.0.1/../../../../aarch64-pc-cygwin/bin/ld: cannot export _sigfe_pread: symbol not defined
/root/xc/inst/lib/gcc/aarch64-pc-cygwin/15.0.1/../../../../aarch64-pc-cygwin/bin/ld: cannot export _sigfe_printf: symbol not defined
/root/xc/inst/lib/gcc/aarch64-pc-cygwin/15.0.1/../../../../aarch64-pc-cygwin/bin/ld: cannot export _sigfe_pselect: symbol not defined
/root/xc/inst/lib/gcc/aarch64-pc-cygwin/15.0.1/../../../../aarch64-pc-cygwin/bin/ld: cannot export _sigfe_psiginfo: symbol not defined
/root/xc/inst/lib/gcc/aarch64-pc-cygwin/15.0.1/../../../../aarch64-pc-cygwin/bin/ld: cannot export _sigfe_psignal: symbol not defined
/root/xc/inst/lib/gcc/aarch64-pc-cygwin/15.0.1/../../../../aarch64-pc-cygwin/bin/ld: cannot export _sigfe_pthread_atfork: symbol not defined
/root/xc/inst/lib/gcc/aarch64-pc-cygwin/15.0.1/../../../../aarch64-pc-cygwin/bin/ld: cannot export _sigfe_pthread_attr_destroy: symbol not defined
/root/xc/inst/lib/gcc/aarch64-pc-cygwin/15.0.1/../../../../aarch64-pc-cygwin/bin/ld: cannot export _sigfe_pthread_attr_getdetachstate: symbol not defined
/root/xc/inst/lib/gcc/aarch64-pc-cygwin/15.0.1/../../../../aarch64-pc-cygwin/bin/ld: cannot export _sigfe_pthread_attr_getguardsize: symbol not defined
/root/xc/inst/lib/gcc/aarch64-pc-cygwin/15.0.1/../../../../aarch64-pc-cygwin/bin/ld: cannot export _sigfe_pthread_attr_getinheritsched: symbol not defined
/root/xc/inst/lib/gcc/aarch64-pc-cygwin/15.0.1/../../../../aarch64-pc-cygwin/bin/ld: cannot export _sigfe_pthread_attr_getschedparam: symbol not defined
/root/xc/inst/lib/gcc/aarch64-pc-cygwin/15.0.1/../../../../aarch64-pc-cygwin/bin/ld: cannot export _sigfe_pthread_attr_getschedpolicy: symbol not defined
/root/xc/inst/lib/gcc/aarch64-pc-cygwin/15.0.1/../../../../aarch64-pc-cygwin/bin/ld: cannot export _sigfe_pthread_attr_getscope: symbol not defined
/root/xc/inst/lib/gcc/aarch64-pc-cygwin/15.0.1/../../../../aarch64-pc-cygwin/bin/ld: cannot export _sigfe_pthread_attr_getstack: symbol not defined
/root/xc/inst/lib/gcc/aarch64-pc-cygwin/15.0.1/../../../../aarch64-pc-cygwin/bin/ld: cannot export _sigfe_pthread_attr_getstackaddr: symbol not defined
/root/xc/inst/lib/gcc/aarch64-pc-cygwin/15.0.1/../../../../aarch64-pc-cygwin/bin/ld: cannot export _sigfe_pthread_attr_getstacksize: symbol not defined
/root/xc/inst/lib/gcc/aarch64-pc-cygwin/15.0.1/../../../../aarch64-pc-cygwin/bin/ld: cannot export _sigfe_pthread_attr_init: symbol not defined
/root/xc/inst/lib/gcc/aarch64-pc-cygwin/15.0.1/../../../../aarch64-pc-cygwin/bin/ld: cannot export _sigfe_pthread_attr_setdetachstate: symbol not defined
/root/xc/inst/lib/gcc/aarch64-pc-cygwin/15.0.1/../../../../aarch64-pc-cygwin/bin/ld: cannot export _sigfe_pthread_attr_setguardsize: symbol not defined
/root/xc/inst/lib/gcc/aarch64-pc-cygwin/15.0.1/../../../../aarch64-pc-cygwin/bin/ld: cannot export _sigfe_pthread_attr_setinheritsched: symbol not defined
/root/xc/inst/lib/gcc/aarch64-pc-cygwin/15.0.1/../../../../aarch64-pc-cygwin/bin/ld: cannot export _sigfe_pthread_attr_setschedparam: symbol not defined
/root/xc/inst/lib/gcc/aarch64-pc-cygwin/15.0.1/../../../../aarch64-pc-cygwin/bin/ld: cannot export _sigfe_pthread_attr_setschedpolicy: symbol not defined
/root/xc/inst/lib/gcc/aarch64-pc-cygwin/15.0.1/../../../../aarch64-pc-cygwin/bin/ld: cannot export _sigfe_pthread_attr_setscope: symbol not defined
/root/xc/inst/lib/gcc/aarch64-pc-cygwin/15.0.1/../../../../aarch64-pc-cygwin/bin/ld: cannot export _sigfe_pthread_attr_setstack: symbol not defined
/root/xc/inst/lib/gcc/aarch64-pc-cygwin/15.0.1/../../../../aarch64-pc-cygwin/bin/ld: cannot export _sigfe_pthread_attr_setstackaddr: symbol not defined
/root/xc/inst/lib/gcc/aarch64-pc-cygwin/15.0.1/../../../../aarch64-pc-cygwin/bin/ld: cannot export _sigfe_pthread_attr_setstacksize: symbol not defined
/root/xc/inst/lib/gcc/aarch64-pc-cygwin/15.0.1/../../../../aarch64-pc-cygwin/bin/ld: cannot export _sigfe_pthread_barrier_destroy: symbol not defined
/root/xc/inst/lib/gcc/aarch64-pc-cygwin/15.0.1/../../../../aarch64-pc-cygwin/bin/ld: cannot export _sigfe_pthread_barrier_init: symbol not defined
/root/xc/inst/lib/gcc/aarch64-pc-cygwin/15.0.1/../../../../aarch64-pc-cygwin/bin/ld: cannot export _sigfe_pthread_barrier_wait: symbol not defined
/root/xc/inst/lib/gcc/aarch64-pc-cygwin/15.0.1/../../../../aarch64-pc-cygwin/bin/ld: cannot export _sigfe_pthread_barrierattr_destroy: symbol not defined
/root/xc/inst/lib/gcc/aarch64-pc-cygwin/15.0.1/../../../../aarch64-pc-cygwin/bin/ld: cannot export _sigfe_pthread_barrierattr_getpshared: symbol not defined
/root/xc/inst/lib/gcc/aarch64-pc-cygwin/15.0.1/../../../../aarch64-pc-cygwin/bin/ld: cannot export _sigfe_pthread_barrierattr_init: symbol not defined
/root/xc/inst/lib/gcc/aarch64-pc-cygwin/15.0.1/../../../../aarch64-pc-cygwin/bin/ld: cannot export _sigfe_pthread_barrierattr_setpshared: symbol not defined
/root/xc/inst/lib/gcc/aarch64-pc-cygwin/15.0.1/../../../../aarch64-pc-cygwin/bin/ld: cannot export _sigfe_pthread_cancel: symbol not defined
/root/xc/inst/lib/gcc/aarch64-pc-cygwin/15.0.1/../../../../aarch64-pc-cygwin/bin/ld: cannot export _sigfe_pthread_cond_broadcast: symbol not defined
/root/xc/inst/lib/gcc/aarch64-pc-cygwin/15.0.1/../../../../aarch64-pc-cygwin/bin/ld: cannot export _sigfe_pthread_cond_clockwait: symbol not defined
/root/xc/inst/lib/gcc/aarch64-pc-cygwin/15.0.1/../../../../aarch64-pc-cygwin/bin/ld: cannot export _sigfe_pthread_cond_destroy: symbol not defined
/root/xc/inst/lib/gcc/aarch64-pc-cygwin/15.0.1/../../../../aarch64-pc-cygwin/bin/ld: cannot export _sigfe_pthread_cond_init: symbol not defined
/root/xc/inst/lib/gcc/aarch64-pc-cygwin/15.0.1/../../../../aarch64-pc-cygwin/bin/ld: cannot export _sigfe_pthread_cond_signal: symbol not defined
/root/xc/inst/lib/gcc/aarch64-pc-cygwin/15.0.1/../../../../aarch64-pc-cygwin/bin/ld: cannot export _sigfe_pthread_cond_timedwait: symbol not defined
/root/xc/inst/lib/gcc/aarch64-pc-cygwin/15.0.1/../../../../aarch64-pc-cygwin/bin/ld: cannot export _sigfe_pthread_cond_wait: symbol not defined
/root/xc/inst/lib/gcc/aarch64-pc-cygwin/15.0.1/../../../../aarch64-pc-cygwin/bin/ld: cannot export _sigfe_pthread_condattr_destroy: symbol not defined
/root/xc/inst/lib/gcc/aarch64-pc-cygwin/15.0.1/../../../../aarch64-pc-cygwin/bin/ld: cannot export _sigfe_pthread_condattr_getclock: symbol not defined
/root/xc/inst/lib/gcc/aarch64-pc-cygwin/15.0.1/../../../../aarch64-pc-cygwin/bin/ld: cannot export _sigfe_pthread_condattr_getpshared: symbol not defined
/root/xc/inst/lib/gcc/aarch64-pc-cygwin/15.0.1/../../../../aarch64-pc-cygwin/bin/ld: cannot export _sigfe_pthread_condattr_init: symbol not defined
/root/xc/inst/lib/gcc/aarch64-pc-cygwin/15.0.1/../../../../aarch64-pc-cygwin/bin/ld: cannot export _sigfe_pthread_condattr_setclock: symbol not defined
/root/xc/inst/lib/gcc/aarch64-pc-cygwin/15.0.1/../../../../aarch64-pc-cygwin/bin/ld: cannot export _sigfe_pthread_condattr_setpshared: symbol not defined
/root/xc/inst/lib/gcc/aarch64-pc-cygwin/15.0.1/../../../../aarch64-pc-cygwin/bin/ld: cannot export _sigfe_pthread_continue: symbol not defined
/root/xc/inst/lib/gcc/aarch64-pc-cygwin/15.0.1/../../../../aarch64-pc-cygwin/bin/ld: cannot export _sigfe_pthread_create: symbol not defined
/root/xc/inst/lib/gcc/aarch64-pc-cygwin/15.0.1/../../../../aarch64-pc-cygwin/bin/ld: cannot export _sigfe_pthread_detach: symbol not defined
/root/xc/inst/lib/gcc/aarch64-pc-cygwin/15.0.1/../../../../aarch64-pc-cygwin/bin/ld: cannot export _sigfe_pthread_equal: symbol not defined
/root/xc/inst/lib/gcc/aarch64-pc-cygwin/15.0.1/../../../../aarch64-pc-cygwin/bin/ld: cannot export _sigfe_pthread_exit: symbol not defined
/root/xc/inst/lib/gcc/aarch64-pc-cygwin/15.0.1/../../../../aarch64-pc-cygwin/bin/ld: cannot export _sigfe_pthread_getaffinity_np: symbol not defined
/root/xc/inst/lib/gcc/aarch64-pc-cygwin/15.0.1/../../../../aarch64-pc-cygwin/bin/ld: cannot export _sigfe_pthread_getattr_np: symbol not defined
/root/xc/inst/lib/gcc/aarch64-pc-cygwin/15.0.1/../../../../aarch64-pc-cygwin/bin/ld: cannot export _sigfe_pthread_getconcurrency: symbol not defined
/root/xc/inst/lib/gcc/aarch64-pc-cygwin/15.0.1/../../../../aarch64-pc-cygwin/bin/ld: cannot export _sigfe_pthread_getcpuclockid: symbol not defined
/root/xc/inst/lib/gcc/aarch64-pc-cygwin/15.0.1/../../../../aarch64-pc-cygwin/bin/ld: cannot export _sigfe_pthread_getname_np: symbol not defined
/root/xc/inst/lib/gcc/aarch64-pc-cygwin/15.0.1/../../../../aarch64-pc-cygwin/bin/ld: cannot export _sigfe_pthread_getschedparam: symbol not defined
/root/xc/inst/lib/gcc/aarch64-pc-cygwin/15.0.1/../../../../aarch64-pc-cygwin/bin/ld: cannot export _sigfe_pthread_getsequence_np: symbol not defined
/root/xc/inst/lib/gcc/aarch64-pc-cygwin/15.0.1/../../../../aarch64-pc-cygwin/bin/ld: cannot export _sigfe_pthread_getspecific: symbol not defined
/root/xc/inst/lib/gcc/aarch64-pc-cygwin/15.0.1/../../../../aarch64-pc-cygwin/bin/ld: cannot export _sigfe_pthread_join: symbol not defined
/root/xc/inst/lib/gcc/aarch64-pc-cygwin/15.0.1/../../../../aarch64-pc-cygwin/bin/ld: cannot export _sigfe_pthread_key_create: symbol not defined
/root/xc/inst/lib/gcc/aarch64-pc-cygwin/15.0.1/../../../../aarch64-pc-cygwin/bin/ld: cannot export _sigfe_pthread_key_delete: symbol not defined
/root/xc/inst/lib/gcc/aarch64-pc-cygwin/15.0.1/../../../../aarch64-pc-cygwin/bin/ld: cannot export _sigfe_pthread_kill: symbol not defined
/root/xc/inst/lib/gcc/aarch64-pc-cygwin/15.0.1/../../../../aarch64-pc-cygwin/bin/ld: cannot export _sigfe_pthread_mutex_clocklock: symbol not defined
/root/xc/inst/lib/gcc/aarch64-pc-cygwin/15.0.1/../../../../aarch64-pc-cygwin/bin/ld: cannot export _sigfe_pthread_mutex_destroy: symbol not defined
/root/xc/inst/lib/gcc/aarch64-pc-cygwin/15.0.1/../../../../aarch64-pc-cygwin/bin/ld: cannot export _sigfe_pthread_mutex_getprioceiling: symbol not defined
/root/xc/inst/lib/gcc/aarch64-pc-cygwin/15.0.1/../../../../aarch64-pc-cygwin/bin/ld: cannot export _sigfe_pthread_mutex_init: symbol not defined
/root/xc/inst/lib/gcc/aarch64-pc-cygwin/15.0.1/../../../../aarch64-pc-cygwin/bin/ld: cannot export _sigfe_pthread_mutex_lock: symbol not defined
/root/xc/inst/lib/gcc/aarch64-pc-cygwin/15.0.1/../../../../aarch64-pc-cygwin/bin/ld: cannot export _sigfe_pthread_mutex_setprioceiling: symbol not defined
/root/xc/inst/lib/gcc/aarch64-pc-cygwin/15.0.1/../../../../aarch64-pc-cygwin/bin/ld: cannot export _sigfe_pthread_mutex_timedlock: symbol not defined
/root/xc/inst/lib/gcc/aarch64-pc-cygwin/15.0.1/../../../../aarch64-pc-cygwin/bin/ld: cannot export _sigfe_pthread_mutex_trylock: symbol not defined
/root/xc/inst/lib/gcc/aarch64-pc-cygwin/15.0.1/../../../../aarch64-pc-cygwin/bin/ld: cannot export _sigfe_pthread_mutex_unlock: symbol not defined
/root/xc/inst/lib/gcc/aarch64-pc-cygwin/15.0.1/../../../../aarch64-pc-cygwin/bin/ld: cannot export _sigfe_pthread_mutexattr_destroy: symbol not defined
/root/xc/inst/lib/gcc/aarch64-pc-cygwin/15.0.1/../../../../aarch64-pc-cygwin/bin/ld: cannot export _sigfe_pthread_mutexattr_getprioceiling: symbol not defined
/root/xc/inst/lib/gcc/aarch64-pc-cygwin/15.0.1/../../../../aarch64-pc-cygwin/bin/ld: cannot export _sigfe_pthread_mutexattr_getprotocol: symbol not defined
/root/xc/inst/lib/gcc/aarch64-pc-cygwin/15.0.1/../../../../aarch64-pc-cygwin/bin/ld: cannot export _sigfe_pthread_mutexattr_getpshared: symbol not defined
/root/xc/inst/lib/gcc/aarch64-pc-cygwin/15.0.1/../../../../aarch64-pc-cygwin/bin/ld: cannot export _sigfe_pthread_mutexattr_gettype: symbol not defined
/root/xc/inst/lib/gcc/aarch64-pc-cygwin/15.0.1/../../../../aarch64-pc-cygwin/bin/ld: cannot export _sigfe_pthread_mutexattr_init: symbol not defined
/root/xc/inst/lib/gcc/aarch64-pc-cygwin/15.0.1/../../../../aarch64-pc-cygwin/bin/ld: cannot export _sigfe_pthread_mutexattr_setprioceiling: symbol not defined
/root/xc/inst/lib/gcc/aarch64-pc-cygwin/15.0.1/../../../../aarch64-pc-cygwin/bin/ld: cannot export _sigfe_pthread_mutexattr_setprotocol: symbol not defined
/root/xc/inst/lib/gcc/aarch64-pc-cygwin/15.0.1/../../../../aarch64-pc-cygwin/bin/ld: cannot export _sigfe_pthread_mutexattr_setpshared: symbol not defined
/root/xc/inst/lib/gcc/aarch64-pc-cygwin/15.0.1/../../../../aarch64-pc-cygwin/bin/ld: cannot export _sigfe_pthread_mutexattr_settype: symbol not defined
/root/xc/inst/lib/gcc/aarch64-pc-cygwin/15.0.1/../../../../aarch64-pc-cygwin/bin/ld: cannot export _sigfe_pthread_once: symbol not defined
/root/xc/inst/lib/gcc/aarch64-pc-cygwin/15.0.1/../../../../aarch64-pc-cygwin/bin/ld: cannot export _sigfe_pthread_rwlock_clockrdlock: symbol not defined
/root/xc/inst/lib/gcc/aarch64-pc-cygwin/15.0.1/../../../../aarch64-pc-cygwin/bin/ld: cannot export _sigfe_pthread_rwlock_clockwrlock: symbol not defined
/root/xc/inst/lib/gcc/aarch64-pc-cygwin/15.0.1/../../../../aarch64-pc-cygwin/bin/ld: cannot export _sigfe_pthread_rwlock_destroy: symbol not defined
/root/xc/inst/lib/gcc/aarch64-pc-cygwin/15.0.1/../../../../aarch64-pc-cygwin/bin/ld: cannot export _sigfe_pthread_rwlock_init: symbol not defined
/root/xc/inst/lib/gcc/aarch64-pc-cygwin/15.0.1/../../../../aarch64-pc-cygwin/bin/ld: cannot export _sigfe_pthread_rwlock_rdlock: symbol not defined
/root/xc/inst/lib/gcc/aarch64-pc-cygwin/15.0.1/../../../../aarch64-pc-cygwin/bin/ld: cannot export _sigfe_pthread_rwlock_timedrdlock: symbol not defined
/root/xc/inst/lib/gcc/aarch64-pc-cygwin/15.0.1/../../../../aarch64-pc-cygwin/bin/ld: cannot export _sigfe_pthread_rwlock_timedwrlock: symbol not defined
/root/xc/inst/lib/gcc/aarch64-pc-cygwin/15.0.1/../../../../aarch64-pc-cygwin/bin/ld: cannot export _sigfe_pthread_rwlock_tryrdlock: symbol not defined
/root/xc/inst/lib/gcc/aarch64-pc-cygwin/15.0.1/../../../../aarch64-pc-cygwin/bin/ld: cannot export _sigfe_pthread_rwlock_trywrlock: symbol not defined
/root/xc/inst/lib/gcc/aarch64-pc-cygwin/15.0.1/../../../../aarch64-pc-cygwin/bin/ld: cannot export _sigfe_pthread_rwlock_unlock: symbol not defined
/root/xc/inst/lib/gcc/aarch64-pc-cygwin/15.0.1/../../../../aarch64-pc-cygwin/bin/ld: cannot export _sigfe_pthread_rwlock_wrlock: symbol not defined
/root/xc/inst/lib/gcc/aarch64-pc-cygwin/15.0.1/../../../../aarch64-pc-cygwin/bin/ld: cannot export _sigfe_pthread_rwlockattr_destroy: symbol not defined
/root/xc/inst/lib/gcc/aarch64-pc-cygwin/15.0.1/../../../../aarch64-pc-cygwin/bin/ld: cannot export _sigfe_pthread_rwlockattr_getpshared: symbol not defined
/root/xc/inst/lib/gcc/aarch64-pc-cygwin/15.0.1/../../../../aarch64-pc-cygwin/bin/ld: cannot export _sigfe_pthread_rwlockattr_init: symbol not defined
/root/xc/inst/lib/gcc/aarch64-pc-cygwin/15.0.1/../../../../aarch64-pc-cygwin/bin/ld: cannot export _sigfe_pthread_rwlockattr_setpshared: symbol not defined
/root/xc/inst/lib/gcc/aarch64-pc-cygwin/15.0.1/../../../../aarch64-pc-cygwin/bin/ld: cannot export _sigfe_pthread_self: symbol not defined
/root/xc/inst/lib/gcc/aarch64-pc-cygwin/15.0.1/../../../../aarch64-pc-cygwin/bin/ld: cannot export _sigfe_pthread_setaffinity_np: symbol not defined
/root/xc/inst/lib/gcc/aarch64-pc-cygwin/15.0.1/../../../../aarch64-pc-cygwin/bin/ld: cannot export _sigfe_pthread_setcancelstate: symbol not defined
/root/xc/inst/lib/gcc/aarch64-pc-cygwin/15.0.1/../../../../aarch64-pc-cygwin/bin/ld: cannot export _sigfe_pthread_setcanceltype: symbol not defined
/root/xc/inst/lib/gcc/aarch64-pc-cygwin/15.0.1/../../../../aarch64-pc-cygwin/bin/ld: cannot export _sigfe_pthread_setconcurrency: symbol not defined
/root/xc/inst/lib/gcc/aarch64-pc-cygwin/15.0.1/../../../../aarch64-pc-cygwin/bin/ld: cannot export _sigfe_pthread_setname_np: symbol not defined
/root/xc/inst/lib/gcc/aarch64-pc-cygwin/15.0.1/../../../../aarch64-pc-cygwin/bin/ld: cannot export _sigfe_pthread_setschedparam: symbol not defined
/root/xc/inst/lib/gcc/aarch64-pc-cygwin/15.0.1/../../../../aarch64-pc-cygwin/bin/ld: cannot export _sigfe_pthread_setschedprio: symbol not defined
/root/xc/inst/lib/gcc/aarch64-pc-cygwin/15.0.1/../../../../aarch64-pc-cygwin/bin/ld: cannot export _sigfe_pthread_setspecific: symbol not defined
/root/xc/inst/lib/gcc/aarch64-pc-cygwin/15.0.1/../../../../aarch64-pc-cygwin/bin/ld: cannot export _sigfe_pthread_sigmask: symbol not defined
/root/xc/inst/lib/gcc/aarch64-pc-cygwin/15.0.1/../../../../aarch64-pc-cygwin/bin/ld: cannot export _sigfe_pthread_sigqueue: symbol not defined
/root/xc/inst/lib/gcc/aarch64-pc-cygwin/15.0.1/../../../../aarch64-pc-cygwin/bin/ld: cannot export _sigfe_pthread_spin_destroy: symbol not defined
/root/xc/inst/lib/gcc/aarch64-pc-cygwin/15.0.1/../../../../aarch64-pc-cygwin/bin/ld: cannot export _sigfe_pthread_spin_init: symbol not defined
/root/xc/inst/lib/gcc/aarch64-pc-cygwin/15.0.1/../../../../aarch64-pc-cygwin/bin/ld: cannot export _sigfe_pthread_spin_lock: symbol not defined
/root/xc/inst/lib/gcc/aarch64-pc-cygwin/15.0.1/../../../../aarch64-pc-cygwin/bin/ld: cannot export _sigfe_pthread_spin_trylock: symbol not defined
/root/xc/inst/lib/gcc/aarch64-pc-cygwin/15.0.1/../../../../aarch64-pc-cygwin/bin/ld: cannot export _sigfe_pthread_spin_unlock: symbol not defined
/root/xc/inst/lib/gcc/aarch64-pc-cygwin/15.0.1/../../../../aarch64-pc-cygwin/bin/ld: cannot export _sigfe_pthread_suspend: symbol not defined
/root/xc/inst/lib/gcc/aarch64-pc-cygwin/15.0.1/../../../../aarch64-pc-cygwin/bin/ld: cannot export _sigfe_pthread_testcancel: symbol not defined
/root/xc/inst/lib/gcc/aarch64-pc-cygwin/15.0.1/../../../../aarch64-pc-cygwin/bin/ld: cannot export _sigfe_pthread_timedjoin_np: symbol not defined
/root/xc/inst/lib/gcc/aarch64-pc-cygwin/15.0.1/../../../../aarch64-pc-cygwin/bin/ld: cannot export _sigfe_pthread_tryjoin_np: symbol not defined
/root/xc/inst/lib/gcc/aarch64-pc-cygwin/15.0.1/../../../../aarch64-pc-cygwin/bin/ld: cannot export _sigfe_pthread_yield: symbol not defined
/root/xc/inst/lib/gcc/aarch64-pc-cygwin/15.0.1/../../../../aarch64-pc-cygwin/bin/ld: cannot export _sigfe_ptsname: symbol not defined
/root/xc/inst/lib/gcc/aarch64-pc-cygwin/15.0.1/../../../../aarch64-pc-cygwin/bin/ld: cannot export _sigfe_ptsname_r: symbol not defined
/root/xc/inst/lib/gcc/aarch64-pc-cygwin/15.0.1/../../../../aarch64-pc-cygwin/bin/ld: cannot export _sigfe_putc: symbol not defined
/root/xc/inst/lib/gcc/aarch64-pc-cygwin/15.0.1/../../../../aarch64-pc-cygwin/bin/ld: cannot export _sigfe_putc_unlocked: symbol not defined
/root/xc/inst/lib/gcc/aarch64-pc-cygwin/15.0.1/../../../../aarch64-pc-cygwin/bin/ld: cannot export _sigfe_putchar: symbol not defined
/root/xc/inst/lib/gcc/aarch64-pc-cygwin/15.0.1/../../../../aarch64-pc-cygwin/bin/ld: cannot export _sigfe_putchar_unlocked: symbol not defined
/root/xc/inst/lib/gcc/aarch64-pc-cygwin/15.0.1/../../../../aarch64-pc-cygwin/bin/ld: cannot export _sigfe_putenv: symbol not defined
/root/xc/inst/lib/gcc/aarch64-pc-cygwin/15.0.1/../../../../aarch64-pc-cygwin/bin/ld: cannot export _sigfe_puts: symbol not defined
/root/xc/inst/lib/gcc/aarch64-pc-cygwin/15.0.1/../../../../aarch64-pc-cygwin/bin/ld: cannot export _sigfe_pututline: symbol not defined
/root/xc/inst/lib/gcc/aarch64-pc-cygwin/15.0.1/../../../../aarch64-pc-cygwin/bin/ld: cannot export _sigfe_pututxline: symbol not defined
/root/xc/inst/lib/gcc/aarch64-pc-cygwin/15.0.1/../../../../aarch64-pc-cygwin/bin/ld: cannot export _sigfe_putw: symbol not defined
/root/xc/inst/lib/gcc/aarch64-pc-cygwin/15.0.1/../../../../aarch64-pc-cygwin/bin/ld: cannot export _sigfe_putwc: symbol not defined
/root/xc/inst/lib/gcc/aarch64-pc-cygwin/15.0.1/../../../../aarch64-pc-cygwin/bin/ld: cannot export _sigfe_putwc_unlocked: symbol not defined
/root/xc/inst/lib/gcc/aarch64-pc-cygwin/15.0.1/../../../../aarch64-pc-cygwin/bin/ld: cannot export _sigfe_putwchar: symbol not defined
/root/xc/inst/lib/gcc/aarch64-pc-cygwin/15.0.1/../../../../aarch64-pc-cygwin/bin/ld: cannot export _sigfe_putwchar_unlocked: symbol not defined
/root/xc/inst/lib/gcc/aarch64-pc-cygwin/15.0.1/../../../../aarch64-pc-cygwin/bin/ld: cannot export _sigfe_pwrite: symbol not defined
/root/xc/inst/lib/gcc/aarch64-pc-cygwin/15.0.1/../../../../aarch64-pc-cygwin/bin/ld: cannot export _sigfe_quick_exit: symbol not defined
/root/xc/inst/lib/gcc/aarch64-pc-cygwin/15.0.1/../../../../aarch64-pc-cygwin/bin/ld: cannot export _sigfe_quotactl: symbol not defined
/root/xc/inst/lib/gcc/aarch64-pc-cygwin/15.0.1/../../../../aarch64-pc-cygwin/bin/ld: cannot export _sigfe_raise: symbol not defined
/root/xc/inst/lib/gcc/aarch64-pc-cygwin/15.0.1/../../../../aarch64-pc-cygwin/bin/ld: cannot export _sigfe_cygwin_rcmd: symbol not defined
/root/xc/inst/lib/gcc/aarch64-pc-cygwin/15.0.1/../../../../aarch64-pc-cygwin/bin/ld: cannot export _sigfe_cygwin_rcmd_af: symbol not defined
/root/xc/inst/lib/gcc/aarch64-pc-cygwin/15.0.1/../../../../aarch64-pc-cygwin/bin/ld: cannot export _sigfe_read: symbol not defined
/root/xc/inst/lib/gcc/aarch64-pc-cygwin/15.0.1/../../../../aarch64-pc-cygwin/bin/ld: cannot export _sigfe_readdir: symbol not defined
/root/xc/inst/lib/gcc/aarch64-pc-cygwin/15.0.1/../../../../aarch64-pc-cygwin/bin/ld: cannot export _sigfe_readdir_r: symbol not defined
/root/xc/inst/lib/gcc/aarch64-pc-cygwin/15.0.1/../../../../aarch64-pc-cygwin/bin/ld: cannot export _sigfe_readlink: symbol not defined
/root/xc/inst/lib/gcc/aarch64-pc-cygwin/15.0.1/../../../../aarch64-pc-cygwin/bin/ld: cannot export _sigfe_readlinkat: symbol not defined
/root/xc/inst/lib/gcc/aarch64-pc-cygwin/15.0.1/../../../../aarch64-pc-cygwin/bin/ld: cannot export _sigfe_readv: symbol not defined
/root/xc/inst/lib/gcc/aarch64-pc-cygwin/15.0.1/../../../../aarch64-pc-cygwin/bin/ld: cannot export _sigfe_realloc: symbol not defined
/root/xc/inst/lib/gcc/aarch64-pc-cygwin/15.0.1/../../../../aarch64-pc-cygwin/bin/ld: cannot export _sigfe_reallocarray: symbol not defined
/root/xc/inst/lib/gcc/aarch64-pc-cygwin/15.0.1/../../../../aarch64-pc-cygwin/bin/ld: cannot export _sigfe_reallocf: symbol not defined
/root/xc/inst/lib/gcc/aarch64-pc-cygwin/15.0.1/../../../../aarch64-pc-cygwin/bin/ld: cannot export _sigfe_realpath: symbol not defined
/root/xc/inst/lib/gcc/aarch64-pc-cygwin/15.0.1/../../../../aarch64-pc-cygwin/bin/ld: cannot export _sigfe_cygwin_recv: symbol not defined
/root/xc/inst/lib/gcc/aarch64-pc-cygwin/15.0.1/../../../../aarch64-pc-cygwin/bin/ld: cannot export _sigfe_cygwin_recvfrom: symbol not defined
/root/xc/inst/lib/gcc/aarch64-pc-cygwin/15.0.1/../../../../aarch64-pc-cygwin/bin/ld: cannot export _sigfe_cygwin_recvmsg: symbol not defined
/root/xc/inst/lib/gcc/aarch64-pc-cygwin/15.0.1/../../../../aarch64-pc-cygwin/bin/ld: cannot export _sigfe_regcomp: symbol not defined
/root/xc/inst/lib/gcc/aarch64-pc-cygwin/15.0.1/../../../../aarch64-pc-cygwin/bin/ld: cannot export _sigfe_regerror: symbol not defined
/root/xc/inst/lib/gcc/aarch64-pc-cygwin/15.0.1/../../../../aarch64-pc-cygwin/bin/ld: cannot export _sigfe_regexec: symbol not defined
/root/xc/inst/lib/gcc/aarch64-pc-cygwin/15.0.1/../../../../aarch64-pc-cygwin/bin/ld: cannot export _sigfe_regfree: symbol not defined
/root/xc/inst/lib/gcc/aarch64-pc-cygwin/15.0.1/../../../../aarch64-pc-cygwin/bin/ld: cannot export _sigfe_remove: symbol not defined
/root/xc/inst/lib/gcc/aarch64-pc-cygwin/15.0.1/../../../../aarch64-pc-cygwin/bin/ld: cannot export _sigfe_removexattr: symbol not defined
/root/xc/inst/lib/gcc/aarch64-pc-cygwin/15.0.1/../../../../aarch64-pc-cygwin/bin/ld: cannot export _sigfe_rename: symbol not defined
/root/xc/inst/lib/gcc/aarch64-pc-cygwin/15.0.1/../../../../aarch64-pc-cygwin/bin/ld: cannot export _sigfe_renameat: symbol not defined
/root/xc/inst/lib/gcc/aarch64-pc-cygwin/15.0.1/../../../../aarch64-pc-cygwin/bin/ld: cannot export _sigfe_renameat2: symbol not defined
/root/xc/inst/lib/gcc/aarch64-pc-cygwin/15.0.1/../../../../aarch64-pc-cygwin/bin/ld: cannot export _sigfe___res_close: symbol not defined
/root/xc/inst/lib/gcc/aarch64-pc-cygwin/15.0.1/../../../../aarch64-pc-cygwin/bin/ld: cannot export _sigfe___res_init: symbol not defined
/root/xc/inst/lib/gcc/aarch64-pc-cygwin/15.0.1/../../../../aarch64-pc-cygwin/bin/ld: cannot export _sigfe___res_mkquery: symbol not defined
/root/xc/inst/lib/gcc/aarch64-pc-cygwin/15.0.1/../../../../aarch64-pc-cygwin/bin/ld: cannot export _sigfe___res_nclose: symbol not defined
/root/xc/inst/lib/gcc/aarch64-pc-cygwin/15.0.1/../../../../aarch64-pc-cygwin/bin/ld: cannot export _sigfe___res_ninit: symbol not defined
/root/xc/inst/lib/gcc/aarch64-pc-cygwin/15.0.1/../../../../aarch64-pc-cygwin/bin/ld: cannot export _sigfe___res_nmkquery: symbol not defined
/root/xc/inst/lib/gcc/aarch64-pc-cygwin/15.0.1/../../../../aarch64-pc-cygwin/bin/ld: cannot export _sigfe___res_nquery: symbol not defined
/root/xc/inst/lib/gcc/aarch64-pc-cygwin/15.0.1/../../../../aarch64-pc-cygwin/bin/ld: cannot export _sigfe___res_nquerydomain: symbol not defined
/root/xc/inst/lib/gcc/aarch64-pc-cygwin/15.0.1/../../../../aarch64-pc-cygwin/bin/ld: cannot export _sigfe___res_nsearch: symbol not defined
/root/xc/inst/lib/gcc/aarch64-pc-cygwin/15.0.1/../../../../aarch64-pc-cygwin/bin/ld: cannot export _sigfe___res_nsend: symbol not defined
/root/xc/inst/lib/gcc/aarch64-pc-cygwin/15.0.1/../../../../aarch64-pc-cygwin/bin/ld: cannot export _sigfe___res_query: symbol not defined
/root/xc/inst/lib/gcc/aarch64-pc-cygwin/15.0.1/../../../../aarch64-pc-cygwin/bin/ld: cannot export _sigfe___res_querydomain: symbol not defined
/root/xc/inst/lib/gcc/aarch64-pc-cygwin/15.0.1/../../../../aarch64-pc-cygwin/bin/ld: cannot export _sigfe___res_search: symbol not defined
/root/xc/inst/lib/gcc/aarch64-pc-cygwin/15.0.1/../../../../aarch64-pc-cygwin/bin/ld: cannot export _sigfe___res_send: symbol not defined
/root/xc/inst/lib/gcc/aarch64-pc-cygwin/15.0.1/../../../../aarch64-pc-cygwin/bin/ld: cannot export _sigfe_revoke: symbol not defined
/root/xc/inst/lib/gcc/aarch64-pc-cygwin/15.0.1/../../../../aarch64-pc-cygwin/bin/ld: cannot export _sigfe_rewind: symbol not defined
/root/xc/inst/lib/gcc/aarch64-pc-cygwin/15.0.1/../../../../aarch64-pc-cygwin/bin/ld: cannot export _sigfe_rewinddir: symbol not defined
/root/xc/inst/lib/gcc/aarch64-pc-cygwin/15.0.1/../../../../aarch64-pc-cygwin/bin/ld: cannot export _sigfe_cygwin_rexec: symbol not defined
/root/xc/inst/lib/gcc/aarch64-pc-cygwin/15.0.1/../../../../aarch64-pc-cygwin/bin/ld: cannot export _sigfe_rmdir: symbol not defined
/root/xc/inst/lib/gcc/aarch64-pc-cygwin/15.0.1/../../../../aarch64-pc-cygwin/bin/ld: cannot export _sigfe_rpmatch: symbol not defined
/root/xc/inst/lib/gcc/aarch64-pc-cygwin/15.0.1/../../../../aarch64-pc-cygwin/bin/ld: cannot export _sigfe_cygwin_rresvport: symbol not defined
/root/xc/inst/lib/gcc/aarch64-pc-cygwin/15.0.1/../../../../aarch64-pc-cygwin/bin/ld: cannot export _sigfe_cygwin_rresvport_af: symbol not defined
/root/xc/inst/lib/gcc/aarch64-pc-cygwin/15.0.1/../../../../aarch64-pc-cygwin/bin/ld: cannot export _sigfe_ruserok: symbol not defined
/root/xc/inst/lib/gcc/aarch64-pc-cygwin/15.0.1/../../../../aarch64-pc-cygwin/bin/ld: cannot export _sigfe_sbrk: symbol not defined
/root/xc/inst/lib/gcc/aarch64-pc-cygwin/15.0.1/../../../../aarch64-pc-cygwin/bin/ld: cannot export _sigfe_scandir: symbol not defined
/root/xc/inst/lib/gcc/aarch64-pc-cygwin/15.0.1/../../../../aarch64-pc-cygwin/bin/ld: cannot export _sigfe_scandirat: symbol not defined
/root/xc/inst/lib/gcc/aarch64-pc-cygwin/15.0.1/../../../../aarch64-pc-cygwin/bin/ld: cannot export _sigfe_scanf: symbol not defined
/root/xc/inst/lib/gcc/aarch64-pc-cygwin/15.0.1/../../../../aarch64-pc-cygwin/bin/ld: cannot export _sigfe_sched_get_priority_max: symbol not defined
/root/xc/inst/lib/gcc/aarch64-pc-cygwin/15.0.1/../../../../aarch64-pc-cygwin/bin/ld: cannot export _sigfe_sched_get_priority_min: symbol not defined
/root/xc/inst/lib/gcc/aarch64-pc-cygwin/15.0.1/../../../../aarch64-pc-cygwin/bin/ld: cannot export _sigfe_sched_getaffinity: symbol not defined
/root/xc/inst/lib/gcc/aarch64-pc-cygwin/15.0.1/../../../../aarch64-pc-cygwin/bin/ld: cannot export _sigfe_sched_getcpu: symbol not defined
/root/xc/inst/lib/gcc/aarch64-pc-cygwin/15.0.1/../../../../aarch64-pc-cygwin/bin/ld: cannot export _sigfe_sched_getparam: symbol not defined
/root/xc/inst/lib/gcc/aarch64-pc-cygwin/15.0.1/../../../../aarch64-pc-cygwin/bin/ld: cannot export _sigfe_sched_rr_get_interval: symbol not defined
/root/xc/inst/lib/gcc/aarch64-pc-cygwin/15.0.1/../../../../aarch64-pc-cygwin/bin/ld: cannot export _sigfe_sched_setaffinity: symbol not defined
/root/xc/inst/lib/gcc/aarch64-pc-cygwin/15.0.1/../../../../aarch64-pc-cygwin/bin/ld: cannot export _sigfe_sched_setparam: symbol not defined
/root/xc/inst/lib/gcc/aarch64-pc-cygwin/15.0.1/../../../../aarch64-pc-cygwin/bin/ld: cannot export _sigfe_sched_setscheduler: symbol not defined
/root/xc/inst/lib/gcc/aarch64-pc-cygwin/15.0.1/../../../../aarch64-pc-cygwin/bin/ld: cannot export _sigfe_sched_yield: symbol not defined
/root/xc/inst/lib/gcc/aarch64-pc-cygwin/15.0.1/../../../../aarch64-pc-cygwin/bin/ld: cannot export _sigfe_seekdir: symbol not defined
/root/xc/inst/lib/gcc/aarch64-pc-cygwin/15.0.1/../../../../aarch64-pc-cygwin/bin/ld: cannot export _sigfe_cygwin_select: symbol not defined
/root/xc/inst/lib/gcc/aarch64-pc-cygwin/15.0.1/../../../../aarch64-pc-cygwin/bin/ld: cannot export _sigfe_sem_clockwait: symbol not defined
/root/xc/inst/lib/gcc/aarch64-pc-cygwin/15.0.1/../../../../aarch64-pc-cygwin/bin/ld: cannot export _sigfe_sem_close: symbol not defined
/root/xc/inst/lib/gcc/aarch64-pc-cygwin/15.0.1/../../../../aarch64-pc-cygwin/bin/ld: cannot export _sigfe_sem_destroy: symbol not defined
/root/xc/inst/lib/gcc/aarch64-pc-cygwin/15.0.1/../../../../aarch64-pc-cygwin/bin/ld: cannot export _sigfe_sem_getvalue: symbol not defined
/root/xc/inst/lib/gcc/aarch64-pc-cygwin/15.0.1/../../../../aarch64-pc-cygwin/bin/ld: cannot export _sigfe_sem_init: symbol not defined
/root/xc/inst/lib/gcc/aarch64-pc-cygwin/15.0.1/../../../../aarch64-pc-cygwin/bin/ld: cannot export _sigfe_sem_open: symbol not defined
/root/xc/inst/lib/gcc/aarch64-pc-cygwin/15.0.1/../../../../aarch64-pc-cygwin/bin/ld: cannot export _sigfe_sem_post: symbol not defined
/root/xc/inst/lib/gcc/aarch64-pc-cygwin/15.0.1/../../../../aarch64-pc-cygwin/bin/ld: cannot export _sigfe_sem_timedwait: symbol not defined
/root/xc/inst/lib/gcc/aarch64-pc-cygwin/15.0.1/../../../../aarch64-pc-cygwin/bin/ld: cannot export _sigfe_sem_trywait: symbol not defined
/root/xc/inst/lib/gcc/aarch64-pc-cygwin/15.0.1/../../../../aarch64-pc-cygwin/bin/ld: cannot export _sigfe_sem_unlink: symbol not defined
/root/xc/inst/lib/gcc/aarch64-pc-cygwin/15.0.1/../../../../aarch64-pc-cygwin/bin/ld: cannot export _sigfe_sem_wait: symbol not defined
/root/xc/inst/lib/gcc/aarch64-pc-cygwin/15.0.1/../../../../aarch64-pc-cygwin/bin/ld: cannot export _sigfe_semctl: symbol not defined
/root/xc/inst/lib/gcc/aarch64-pc-cygwin/15.0.1/../../../../aarch64-pc-cygwin/bin/ld: cannot export _sigfe_semget: symbol not defined
/root/xc/inst/lib/gcc/aarch64-pc-cygwin/15.0.1/../../../../aarch64-pc-cygwin/bin/ld: cannot export _sigfe_semop: symbol not defined
/root/xc/inst/lib/gcc/aarch64-pc-cygwin/15.0.1/../../../../aarch64-pc-cygwin/bin/ld: cannot export _sigfe_cygwin_send: symbol not defined
/root/xc/inst/lib/gcc/aarch64-pc-cygwin/15.0.1/../../../../aarch64-pc-cygwin/bin/ld: cannot export _sigfe_cygwin_sendmsg: symbol not defined
/root/xc/inst/lib/gcc/aarch64-pc-cygwin/15.0.1/../../../../aarch64-pc-cygwin/bin/ld: cannot export _sigfe_cygwin_sendto: symbol not defined
/root/xc/inst/lib/gcc/aarch64-pc-cygwin/15.0.1/../../../../aarch64-pc-cygwin/bin/ld: cannot export _sigfe_setbuf: symbol not defined
/root/xc/inst/lib/gcc/aarch64-pc-cygwin/15.0.1/../../../../aarch64-pc-cygwin/bin/ld: cannot export _sigfe_setbuffer: symbol not defined
/root/xc/inst/lib/gcc/aarch64-pc-cygwin/15.0.1/../../../../aarch64-pc-cygwin/bin/ld: cannot export _sigfe_setdtablesize: symbol not defined
/root/xc/inst/lib/gcc/aarch64-pc-cygwin/15.0.1/../../../../aarch64-pc-cygwin/bin/ld: cannot export _sigfe_setegid: symbol not defined
/root/xc/inst/lib/gcc/aarch64-pc-cygwin/15.0.1/../../../../aarch64-pc-cygwin/bin/ld: cannot export _sigfe_setenv: symbol not defined
/root/xc/inst/lib/gcc/aarch64-pc-cygwin/15.0.1/../../../../aarch64-pc-cygwin/bin/ld: cannot export _sigfe_seteuid: symbol not defined
/root/xc/inst/lib/gcc/aarch64-pc-cygwin/15.0.1/../../../../aarch64-pc-cygwin/bin/ld: cannot export _sigfe_setgid: symbol not defined
/root/xc/inst/lib/gcc/aarch64-pc-cygwin/15.0.1/../../../../aarch64-pc-cygwin/bin/ld: cannot export _sigfe_setgroups: symbol not defined
/root/xc/inst/lib/gcc/aarch64-pc-cygwin/15.0.1/../../../../aarch64-pc-cygwin/bin/ld: cannot export _sigfe_sethostname: symbol not defined
/root/xc/inst/lib/gcc/aarch64-pc-cygwin/15.0.1/../../../../aarch64-pc-cygwin/bin/ld: cannot export _sigfe_setitimer: symbol not defined
/root/xc/inst/lib/gcc/aarch64-pc-cygwin/15.0.1/../../../../aarch64-pc-cygwin/bin/ld: cannot export _sigfe_setlinebuf: symbol not defined
/root/xc/inst/lib/gcc/aarch64-pc-cygwin/15.0.1/../../../../aarch64-pc-cygwin/bin/ld: cannot export _sigfe_setmntent: symbol not defined
/root/xc/inst/lib/gcc/aarch64-pc-cygwin/15.0.1/../../../../aarch64-pc-cygwin/bin/ld: cannot export _sigfe_setpgid: symbol not defined
/root/xc/inst/lib/gcc/aarch64-pc-cygwin/15.0.1/../../../../aarch64-pc-cygwin/bin/ld: cannot export _sigfe_setpgrp: symbol not defined
/root/xc/inst/lib/gcc/aarch64-pc-cygwin/15.0.1/../../../../aarch64-pc-cygwin/bin/ld: cannot export _sigfe_setpriority: symbol not defined
/root/xc/inst/lib/gcc/aarch64-pc-cygwin/15.0.1/../../../../aarch64-pc-cygwin/bin/ld: cannot export _sigfe_setproctitle: symbol not defined
/root/xc/inst/lib/gcc/aarch64-pc-cygwin/15.0.1/../../../../aarch64-pc-cygwin/bin/ld: cannot export _sigfe_cygwin_setprotoent: symbol not defined
/root/xc/inst/lib/gcc/aarch64-pc-cygwin/15.0.1/../../../../aarch64-pc-cygwin/bin/ld: cannot export _sigfe_setregid: symbol not defined
/root/xc/inst/lib/gcc/aarch64-pc-cygwin/15.0.1/../../../../aarch64-pc-cygwin/bin/ld: cannot export _sigfe_setreuid: symbol not defined
/root/xc/inst/lib/gcc/aarch64-pc-cygwin/15.0.1/../../../../aarch64-pc-cygwin/bin/ld: cannot export _sigfe_setrlimit: symbol not defined
/root/xc/inst/lib/gcc/aarch64-pc-cygwin/15.0.1/../../../../aarch64-pc-cygwin/bin/ld: cannot export _sigfe_cygwin_setservent: symbol not defined
/root/xc/inst/lib/gcc/aarch64-pc-cygwin/15.0.1/../../../../aarch64-pc-cygwin/bin/ld: cannot export _sigfe_setsid: symbol not defined
/root/xc/inst/lib/gcc/aarch64-pc-cygwin/15.0.1/../../../../aarch64-pc-cygwin/bin/ld: cannot export _sigfe_cygwin_setsockopt: symbol not defined
/root/xc/inst/lib/gcc/aarch64-pc-cygwin/15.0.1/../../../../aarch64-pc-cygwin/bin/ld: cannot export _sigfe_settimeofday: symbol not defined
/root/xc/inst/lib/gcc/aarch64-pc-cygwin/15.0.1/../../../../aarch64-pc-cygwin/bin/ld: cannot export _sigfe_setuid: symbol not defined
/root/xc/inst/lib/gcc/aarch64-pc-cygwin/15.0.1/../../../../aarch64-pc-cygwin/bin/ld: cannot export _sigfe_setusershell: symbol not defined
/root/xc/inst/lib/gcc/aarch64-pc-cygwin/15.0.1/../../../../aarch64-pc-cygwin/bin/ld: cannot export _sigfe_setutent: symbol not defined
/root/xc/inst/lib/gcc/aarch64-pc-cygwin/15.0.1/../../../../aarch64-pc-cygwin/bin/ld: cannot export _sigfe_setutxent: symbol not defined
/root/xc/inst/lib/gcc/aarch64-pc-cygwin/15.0.1/../../../../aarch64-pc-cygwin/bin/ld: cannot export _sigfe_setvbuf: symbol not defined
/root/xc/inst/lib/gcc/aarch64-pc-cygwin/15.0.1/../../../../aarch64-pc-cygwin/bin/ld: cannot export _sigfe_setxattr: symbol not defined
/root/xc/inst/lib/gcc/aarch64-pc-cygwin/15.0.1/../../../../aarch64-pc-cygwin/bin/ld: cannot export _sigfe_shm_open: symbol not defined
/root/xc/inst/lib/gcc/aarch64-pc-cygwin/15.0.1/../../../../aarch64-pc-cygwin/bin/ld: cannot export _sigfe_shm_unlink: symbol not defined
/root/xc/inst/lib/gcc/aarch64-pc-cygwin/15.0.1/../../../../aarch64-pc-cygwin/bin/ld: cannot export _sigfe_shmat: symbol not defined
/root/xc/inst/lib/gcc/aarch64-pc-cygwin/15.0.1/../../../../aarch64-pc-cygwin/bin/ld: cannot export _sigfe_shmctl: symbol not defined
/root/xc/inst/lib/gcc/aarch64-pc-cygwin/15.0.1/../../../../aarch64-pc-cygwin/bin/ld: cannot export _sigfe_shmdt: symbol not defined
/root/xc/inst/lib/gcc/aarch64-pc-cygwin/15.0.1/../../../../aarch64-pc-cygwin/bin/ld: cannot export _sigfe_shmget: symbol not defined
/root/xc/inst/lib/gcc/aarch64-pc-cygwin/15.0.1/../../../../aarch64-pc-cygwin/bin/ld: cannot export _sigfe_cygwin_shutdown: symbol not defined
/root/xc/inst/lib/gcc/aarch64-pc-cygwin/15.0.1/../../../../aarch64-pc-cygwin/bin/ld: cannot export _sigfe_sig2str: symbol not defined
/root/xc/inst/lib/gcc/aarch64-pc-cygwin/15.0.1/../../../../aarch64-pc-cygwin/bin/ld: cannot export _sigfe_sigaction: symbol not defined
/root/xc/inst/lib/gcc/aarch64-pc-cygwin/15.0.1/../../../../aarch64-pc-cygwin/bin/ld: cannot export _sigfe_sigaddset: symbol not defined
/root/xc/inst/lib/gcc/aarch64-pc-cygwin/15.0.1/../../../../aarch64-pc-cygwin/bin/ld: cannot export _sigfe_sigaltstack: symbol not defined
/root/xc/inst/lib/gcc/aarch64-pc-cygwin/15.0.1/../../../../aarch64-pc-cygwin/bin/ld: cannot export _sigfe_sigdelset: symbol not defined
/root/xc/inst/lib/gcc/aarch64-pc-cygwin/15.0.1/../../../../aarch64-pc-cygwin/bin/ld: cannot export _sigfe_sighold: symbol not defined
/root/xc/inst/lib/gcc/aarch64-pc-cygwin/15.0.1/../../../../aarch64-pc-cygwin/bin/ld: cannot export _sigfe_sigignore: symbol not defined
/root/xc/inst/lib/gcc/aarch64-pc-cygwin/15.0.1/../../../../aarch64-pc-cygwin/bin/ld: cannot export _sigfe_siginterrupt: symbol not defined
/root/xc/inst/lib/gcc/aarch64-pc-cygwin/15.0.1/../../../../aarch64-pc-cygwin/bin/ld: cannot export _sigfe_sigismember: symbol not defined
/root/xc/inst/lib/gcc/aarch64-pc-cygwin/15.0.1/../../../../aarch64-pc-cygwin/bin/ld: cannot export siglongjmp: symbol not defined
/root/xc/inst/lib/gcc/aarch64-pc-cygwin/15.0.1/../../../../aarch64-pc-cygwin/bin/ld: cannot export _sigfe_signal: symbol not defined
/root/xc/inst/lib/gcc/aarch64-pc-cygwin/15.0.1/../../../../aarch64-pc-cygwin/bin/ld: cannot export _sigfe_signalfd: symbol not defined
/root/xc/inst/lib/gcc/aarch64-pc-cygwin/15.0.1/../../../../aarch64-pc-cygwin/bin/ld: cannot export _sigfe_sigpause: symbol not defined
/root/xc/inst/lib/gcc/aarch64-pc-cygwin/15.0.1/../../../../aarch64-pc-cygwin/bin/ld: cannot export _sigfe_sigpending: symbol not defined
/root/xc/inst/lib/gcc/aarch64-pc-cygwin/15.0.1/../../../../aarch64-pc-cygwin/bin/ld: cannot export _sigfe_sigprocmask: symbol not defined
/root/xc/inst/lib/gcc/aarch64-pc-cygwin/15.0.1/../../../../aarch64-pc-cygwin/bin/ld: cannot export _sigfe_sigqueue: symbol not defined
/root/xc/inst/lib/gcc/aarch64-pc-cygwin/15.0.1/../../../../aarch64-pc-cygwin/bin/ld: cannot export _sigfe_sigrelse: symbol not defined
/root/xc/inst/lib/gcc/aarch64-pc-cygwin/15.0.1/../../../../aarch64-pc-cygwin/bin/ld: cannot export _sigfe_sigset: symbol not defined
/root/xc/inst/lib/gcc/aarch64-pc-cygwin/15.0.1/../../../../aarch64-pc-cygwin/bin/ld: cannot export sigsetjmp: symbol not defined
/root/xc/inst/lib/gcc/aarch64-pc-cygwin/15.0.1/../../../../aarch64-pc-cygwin/bin/ld: cannot export _sigfe_sigsuspend: symbol not defined
/root/xc/inst/lib/gcc/aarch64-pc-cygwin/15.0.1/../../../../aarch64-pc-cygwin/bin/ld: cannot export _sigfe_sigtimedwait: symbol not defined
/root/xc/inst/lib/gcc/aarch64-pc-cygwin/15.0.1/../../../../aarch64-pc-cygwin/bin/ld: cannot export _sigfe_sigwait: symbol not defined
/root/xc/inst/lib/gcc/aarch64-pc-cygwin/15.0.1/../../../../aarch64-pc-cygwin/bin/ld: cannot export _sigfe_sigwaitinfo: symbol not defined
/root/xc/inst/lib/gcc/aarch64-pc-cygwin/15.0.1/../../../../aarch64-pc-cygwin/bin/ld: cannot export _sigfe_siprintf: symbol not defined
/root/xc/inst/lib/gcc/aarch64-pc-cygwin/15.0.1/../../../../aarch64-pc-cygwin/bin/ld: cannot export _sigfe_sleep: symbol not defined
/root/xc/inst/lib/gcc/aarch64-pc-cygwin/15.0.1/../../../../aarch64-pc-cygwin/bin/ld: cannot export _sigfe_snprintf: symbol not defined
/root/xc/inst/lib/gcc/aarch64-pc-cygwin/15.0.1/../../../../aarch64-pc-cygwin/bin/ld: cannot export _sigfe_sockatmark: symbol not defined
/root/xc/inst/lib/gcc/aarch64-pc-cygwin/15.0.1/../../../../aarch64-pc-cygwin/bin/ld: cannot export _sigfe_cygwin_socket: symbol not defined
/root/xc/inst/lib/gcc/aarch64-pc-cygwin/15.0.1/../../../../aarch64-pc-cygwin/bin/ld: cannot export _sigfe_socketpair: symbol not defined
/root/xc/inst/lib/gcc/aarch64-pc-cygwin/15.0.1/../../../../aarch64-pc-cygwin/bin/ld: cannot export _sigfe_spawnl: symbol not defined
/root/xc/inst/lib/gcc/aarch64-pc-cygwin/15.0.1/../../../../aarch64-pc-cygwin/bin/ld: cannot export _sigfe_spawnle: symbol not defined
/root/xc/inst/lib/gcc/aarch64-pc-cygwin/15.0.1/../../../../aarch64-pc-cygwin/bin/ld: cannot export _sigfe_spawnlp: symbol not defined
/root/xc/inst/lib/gcc/aarch64-pc-cygwin/15.0.1/../../../../aarch64-pc-cygwin/bin/ld: cannot export _sigfe_spawnlpe: symbol not defined
/root/xc/inst/lib/gcc/aarch64-pc-cygwin/15.0.1/../../../../aarch64-pc-cygwin/bin/ld: cannot export _sigfe_spawnv: symbol not defined
/root/xc/inst/lib/gcc/aarch64-pc-cygwin/15.0.1/../../../../aarch64-pc-cygwin/bin/ld: cannot export _sigfe_spawnve: symbol not defined
/root/xc/inst/lib/gcc/aarch64-pc-cygwin/15.0.1/../../../../aarch64-pc-cygwin/bin/ld: cannot export _sigfe_spawnvp: symbol not defined
/root/xc/inst/lib/gcc/aarch64-pc-cygwin/15.0.1/../../../../aarch64-pc-cygwin/bin/ld: cannot export _sigfe_spawnvpe: symbol not defined
/root/xc/inst/lib/gcc/aarch64-pc-cygwin/15.0.1/../../../../aarch64-pc-cygwin/bin/ld: cannot export _sigfe_sprintf: symbol not defined
/root/xc/inst/lib/gcc/aarch64-pc-cygwin/15.0.1/../../../../aarch64-pc-cygwin/bin/ld: cannot export _sigfe_sscanf: symbol not defined
/root/xc/inst/lib/gcc/aarch64-pc-cygwin/15.0.1/../../../../aarch64-pc-cygwin/bin/ld: cannot export _sigfe_stat: symbol not defined
/root/xc/inst/lib/gcc/aarch64-pc-cygwin/15.0.1/../../../../aarch64-pc-cygwin/bin/ld: cannot export _sigfe_statfs: symbol not defined
/root/xc/inst/lib/gcc/aarch64-pc-cygwin/15.0.1/../../../../aarch64-pc-cygwin/bin/ld: cannot export _sigfe_statvfs: symbol not defined
/root/xc/inst/lib/gcc/aarch64-pc-cygwin/15.0.1/../../../../aarch64-pc-cygwin/bin/ld: cannot export _sigfe_stime: symbol not defined
/root/xc/inst/lib/gcc/aarch64-pc-cygwin/15.0.1/../../../../aarch64-pc-cygwin/bin/ld: cannot export _sigfe_str2sig: symbol not defined
/root/xc/inst/lib/gcc/aarch64-pc-cygwin/15.0.1/../../../../aarch64-pc-cygwin/bin/ld: cannot export _sigfe_strdup: symbol not defined
/root/xc/inst/lib/gcc/aarch64-pc-cygwin/15.0.1/../../../../aarch64-pc-cygwin/bin/ld: cannot export _sigfe_strerror: symbol not defined
/root/xc/inst/lib/gcc/aarch64-pc-cygwin/15.0.1/../../../../aarch64-pc-cygwin/bin/ld: cannot export _sigfe_strerror_l: symbol not defined
/root/xc/inst/lib/gcc/aarch64-pc-cygwin/15.0.1/../../../../aarch64-pc-cygwin/bin/ld: cannot export _sigfe_strerror_r: symbol not defined
/root/xc/inst/lib/gcc/aarch64-pc-cygwin/15.0.1/../../../../aarch64-pc-cygwin/bin/ld: cannot export _sigfe_strfmon: symbol not defined
/root/xc/inst/lib/gcc/aarch64-pc-cygwin/15.0.1/../../../../aarch64-pc-cygwin/bin/ld: cannot export _sigfe_strfmon_l: symbol not defined
/root/xc/inst/lib/gcc/aarch64-pc-cygwin/15.0.1/../../../../aarch64-pc-cygwin/bin/ld: cannot export _sigfe_strftime: symbol not defined
/root/xc/inst/lib/gcc/aarch64-pc-cygwin/15.0.1/../../../../aarch64-pc-cygwin/bin/ld: cannot export _sigfe_strftime_l: symbol not defined
/root/xc/inst/lib/gcc/aarch64-pc-cygwin/15.0.1/../../../../aarch64-pc-cygwin/bin/ld: cannot export _sigfe_strndup: symbol not defined
/root/xc/inst/lib/gcc/aarch64-pc-cygwin/15.0.1/../../../../aarch64-pc-cygwin/bin/ld: cannot export _sigfe_strptime: symbol not defined
/root/xc/inst/lib/gcc/aarch64-pc-cygwin/15.0.1/../../../../aarch64-pc-cygwin/bin/ld: cannot export _sigfe_strptime_l: symbol not defined
/root/xc/inst/lib/gcc/aarch64-pc-cygwin/15.0.1/../../../../aarch64-pc-cygwin/bin/ld: cannot export _sigfe_strsignal: symbol not defined
/root/xc/inst/lib/gcc/aarch64-pc-cygwin/15.0.1/../../../../aarch64-pc-cygwin/bin/ld: cannot export _sigfe_strtod: symbol not defined
/root/xc/inst/lib/gcc/aarch64-pc-cygwin/15.0.1/../../../../aarch64-pc-cygwin/bin/ld: cannot export _sigfe_strtod_l: symbol not defined
/root/xc/inst/lib/gcc/aarch64-pc-cygwin/15.0.1/../../../../aarch64-pc-cygwin/bin/ld: cannot export _sigfe_strtof: symbol not defined
/root/xc/inst/lib/gcc/aarch64-pc-cygwin/15.0.1/../../../../aarch64-pc-cygwin/bin/ld: cannot export _sigfe_strtof_l: symbol not defined
/root/xc/inst/lib/gcc/aarch64-pc-cygwin/15.0.1/../../../../aarch64-pc-cygwin/bin/ld: cannot export _sigfe_strtold: symbol not defined
/root/xc/inst/lib/gcc/aarch64-pc-cygwin/15.0.1/../../../../aarch64-pc-cygwin/bin/ld: cannot export _sigfe_strtold_l: symbol not defined
/root/xc/inst/lib/gcc/aarch64-pc-cygwin/15.0.1/../../../../aarch64-pc-cygwin/bin/ld: cannot export _sigfe_swprintf: symbol not defined
/root/xc/inst/lib/gcc/aarch64-pc-cygwin/15.0.1/../../../../aarch64-pc-cygwin/bin/ld: cannot export _sigfe_swscanf: symbol not defined
/root/xc/inst/lib/gcc/aarch64-pc-cygwin/15.0.1/../../../../aarch64-pc-cygwin/bin/ld: cannot export _sigfe_symlink: symbol not defined
/root/xc/inst/lib/gcc/aarch64-pc-cygwin/15.0.1/../../../../aarch64-pc-cygwin/bin/ld: cannot export _sigfe_symlinkat: symbol not defined
/root/xc/inst/lib/gcc/aarch64-pc-cygwin/15.0.1/../../../../aarch64-pc-cygwin/bin/ld: cannot export _sigfe_sync: symbol not defined
/root/xc/inst/lib/gcc/aarch64-pc-cygwin/15.0.1/../../../../aarch64-pc-cygwin/bin/ld: cannot export _sigfe_sysconf: symbol not defined
/root/xc/inst/lib/gcc/aarch64-pc-cygwin/15.0.1/../../../../aarch64-pc-cygwin/bin/ld: cannot export _sigfe_sysinfo: symbol not defined
/root/xc/inst/lib/gcc/aarch64-pc-cygwin/15.0.1/../../../../aarch64-pc-cygwin/bin/ld: cannot export _sigfe_syslog: symbol not defined
/root/xc/inst/lib/gcc/aarch64-pc-cygwin/15.0.1/../../../../aarch64-pc-cygwin/bin/ld: cannot export _sigfe_system: symbol not defined
/root/xc/inst/lib/gcc/aarch64-pc-cygwin/15.0.1/../../../../aarch64-pc-cygwin/bin/ld: cannot export _sigfe_tcdrain: symbol not defined
/root/xc/inst/lib/gcc/aarch64-pc-cygwin/15.0.1/../../../../aarch64-pc-cygwin/bin/ld: cannot export _sigfe_tcflow: symbol not defined
/root/xc/inst/lib/gcc/aarch64-pc-cygwin/15.0.1/../../../../aarch64-pc-cygwin/bin/ld: cannot export _sigfe_tcflush: symbol not defined
/root/xc/inst/lib/gcc/aarch64-pc-cygwin/15.0.1/../../../../aarch64-pc-cygwin/bin/ld: cannot export _sigfe_tcgetattr: symbol not defined
/root/xc/inst/lib/gcc/aarch64-pc-cygwin/15.0.1/../../../../aarch64-pc-cygwin/bin/ld: cannot export _sigfe_tcgetpgrp: symbol not defined
/root/xc/inst/lib/gcc/aarch64-pc-cygwin/15.0.1/../../../../aarch64-pc-cygwin/bin/ld: cannot export _sigfe_tcgetsid: symbol not defined
/root/xc/inst/lib/gcc/aarch64-pc-cygwin/15.0.1/../../../../aarch64-pc-cygwin/bin/ld: cannot export _sigfe_tcgetwinsize: symbol not defined
/root/xc/inst/lib/gcc/aarch64-pc-cygwin/15.0.1/../../../../aarch64-pc-cygwin/bin/ld: cannot export _sigfe_tcsendbreak: symbol not defined
/root/xc/inst/lib/gcc/aarch64-pc-cygwin/15.0.1/../../../../aarch64-pc-cygwin/bin/ld: cannot export _sigfe_tcsetattr: symbol not defined
/root/xc/inst/lib/gcc/aarch64-pc-cygwin/15.0.1/../../../../aarch64-pc-cygwin/bin/ld: cannot export _sigfe_tcsetpgrp: symbol not defined
/root/xc/inst/lib/gcc/aarch64-pc-cygwin/15.0.1/../../../../aarch64-pc-cygwin/bin/ld: cannot export _sigfe_tcsetwinsize: symbol not defined
/root/xc/inst/lib/gcc/aarch64-pc-cygwin/15.0.1/../../../../aarch64-pc-cygwin/bin/ld: cannot export _sigfe_tdelete: symbol not defined
/root/xc/inst/lib/gcc/aarch64-pc-cygwin/15.0.1/../../../../aarch64-pc-cygwin/bin/ld: cannot export _sigfe_telldir: symbol not defined
/root/xc/inst/lib/gcc/aarch64-pc-cygwin/15.0.1/../../../../aarch64-pc-cygwin/bin/ld: cannot export _sigfe_tempnam: symbol not defined
/root/xc/inst/lib/gcc/aarch64-pc-cygwin/15.0.1/../../../../aarch64-pc-cygwin/bin/ld: cannot export _sigfe_thrd_create: symbol not defined
/root/xc/inst/lib/gcc/aarch64-pc-cygwin/15.0.1/../../../../aarch64-pc-cygwin/bin/ld: cannot export _sigfe_thrd_current: symbol not defined
/root/xc/inst/lib/gcc/aarch64-pc-cygwin/15.0.1/../../../../aarch64-pc-cygwin/bin/ld: cannot export _sigfe_thrd_detach: symbol not defined
/root/xc/inst/lib/gcc/aarch64-pc-cygwin/15.0.1/../../../../aarch64-pc-cygwin/bin/ld: cannot export _sigfe_thrd_equal: symbol not defined
/root/xc/inst/lib/gcc/aarch64-pc-cygwin/15.0.1/../../../../aarch64-pc-cygwin/bin/ld: cannot export _sigfe_thrd_exit: symbol not defined
/root/xc/inst/lib/gcc/aarch64-pc-cygwin/15.0.1/../../../../aarch64-pc-cygwin/bin/ld: cannot export _sigfe_thrd_join: symbol not defined
/root/xc/inst/lib/gcc/aarch64-pc-cygwin/15.0.1/../../../../aarch64-pc-cygwin/bin/ld: cannot export _sigfe_thrd_sleep: symbol not defined
/root/xc/inst/lib/gcc/aarch64-pc-cygwin/15.0.1/../../../../aarch64-pc-cygwin/bin/ld: cannot export _sigfe_thrd_yield: symbol not defined
/root/xc/inst/lib/gcc/aarch64-pc-cygwin/15.0.1/../../../../aarch64-pc-cygwin/bin/ld: cannot export _sigfe_time: symbol not defined
/root/xc/inst/lib/gcc/aarch64-pc-cygwin/15.0.1/../../../../aarch64-pc-cygwin/bin/ld: cannot export _sigfe_timelocal: symbol not defined
/root/xc/inst/lib/gcc/aarch64-pc-cygwin/15.0.1/../../../../aarch64-pc-cygwin/bin/ld: cannot export _sigfe_timer_create: symbol not defined
/root/xc/inst/lib/gcc/aarch64-pc-cygwin/15.0.1/../../../../aarch64-pc-cygwin/bin/ld: cannot export _sigfe_timer_delete: symbol not defined
/root/xc/inst/lib/gcc/aarch64-pc-cygwin/15.0.1/../../../../aarch64-pc-cygwin/bin/ld: cannot export _sigfe_timer_getoverrun: symbol not defined
/root/xc/inst/lib/gcc/aarch64-pc-cygwin/15.0.1/../../../../aarch64-pc-cygwin/bin/ld: cannot export _sigfe_timer_gettime: symbol not defined
/root/xc/inst/lib/gcc/aarch64-pc-cygwin/15.0.1/../../../../aarch64-pc-cygwin/bin/ld: cannot export _sigfe_timer_settime: symbol not defined
/root/xc/inst/lib/gcc/aarch64-pc-cygwin/15.0.1/../../../../aarch64-pc-cygwin/bin/ld: cannot export _sigfe_timerfd_create: symbol not defined
/root/xc/inst/lib/gcc/aarch64-pc-cygwin/15.0.1/../../../../aarch64-pc-cygwin/bin/ld: cannot export _sigfe_timerfd_gettime: symbol not defined
/root/xc/inst/lib/gcc/aarch64-pc-cygwin/15.0.1/../../../../aarch64-pc-cygwin/bin/ld: cannot export _sigfe_timerfd_settime: symbol not defined
/root/xc/inst/lib/gcc/aarch64-pc-cygwin/15.0.1/../../../../aarch64-pc-cygwin/bin/ld: cannot export _sigfe_times: symbol not defined
/root/xc/inst/lib/gcc/aarch64-pc-cygwin/15.0.1/../../../../aarch64-pc-cygwin/bin/ld: cannot export _sigfe_timespec_get: symbol not defined
/root/xc/inst/lib/gcc/aarch64-pc-cygwin/15.0.1/../../../../aarch64-pc-cygwin/bin/ld: cannot export _sigfe_timezone: symbol not defined
/root/xc/inst/lib/gcc/aarch64-pc-cygwin/15.0.1/../../../../aarch64-pc-cygwin/bin/ld: cannot export _sigfe_tmpfile: symbol not defined
/root/xc/inst/lib/gcc/aarch64-pc-cygwin/15.0.1/../../../../aarch64-pc-cygwin/bin/ld: cannot export _sigfe_tmpnam: symbol not defined
/root/xc/inst/lib/gcc/aarch64-pc-cygwin/15.0.1/../../../../aarch64-pc-cygwin/bin/ld: cannot export _sigfe_truncate: symbol not defined
/root/xc/inst/lib/gcc/aarch64-pc-cygwin/15.0.1/../../../../aarch64-pc-cygwin/bin/ld: cannot export _sigfe_tsearch: symbol not defined
/root/xc/inst/lib/gcc/aarch64-pc-cygwin/15.0.1/../../../../aarch64-pc-cygwin/bin/ld: cannot export _sigfe_tss_create: symbol not defined
/root/xc/inst/lib/gcc/aarch64-pc-cygwin/15.0.1/../../../../aarch64-pc-cygwin/bin/ld: cannot export _sigfe_tss_delete: symbol not defined
/root/xc/inst/lib/gcc/aarch64-pc-cygwin/15.0.1/../../../../aarch64-pc-cygwin/bin/ld: cannot export _sigfe_tss_get: symbol not defined
/root/xc/inst/lib/gcc/aarch64-pc-cygwin/15.0.1/../../../../aarch64-pc-cygwin/bin/ld: cannot export _sigfe_tss_set: symbol not defined
/root/xc/inst/lib/gcc/aarch64-pc-cygwin/15.0.1/../../../../aarch64-pc-cygwin/bin/ld: cannot export _sigfe_ttyname: symbol not defined
/root/xc/inst/lib/gcc/aarch64-pc-cygwin/15.0.1/../../../../aarch64-pc-cygwin/bin/ld: cannot export _sigfe_ttyname_r: symbol not defined
/root/xc/inst/lib/gcc/aarch64-pc-cygwin/15.0.1/../../../../aarch64-pc-cygwin/bin/ld: cannot export _sigfe_tzset: symbol not defined
/root/xc/inst/lib/gcc/aarch64-pc-cygwin/15.0.1/../../../../aarch64-pc-cygwin/bin/ld: cannot export _sigfe_ualarm: symbol not defined
/root/xc/inst/lib/gcc/aarch64-pc-cygwin/15.0.1/../../../../aarch64-pc-cygwin/bin/ld: cannot export _sigfe_umount: symbol not defined
/root/xc/inst/lib/gcc/aarch64-pc-cygwin/15.0.1/../../../../aarch64-pc-cygwin/bin/ld: cannot export _sigfe_uname: symbol not defined
/root/xc/inst/lib/gcc/aarch64-pc-cygwin/15.0.1/../../../../aarch64-pc-cygwin/bin/ld: cannot export _sigfe_uname_x: symbol not defined
/root/xc/inst/lib/gcc/aarch64-pc-cygwin/15.0.1/../../../../aarch64-pc-cygwin/bin/ld: cannot export _sigfe_ungetc: symbol not defined
/root/xc/inst/lib/gcc/aarch64-pc-cygwin/15.0.1/../../../../aarch64-pc-cygwin/bin/ld: cannot export _sigfe_ungetwc: symbol not defined
/root/xc/inst/lib/gcc/aarch64-pc-cygwin/15.0.1/../../../../aarch64-pc-cygwin/bin/ld: cannot export _sigfe_unlink: symbol not defined
/root/xc/inst/lib/gcc/aarch64-pc-cygwin/15.0.1/../../../../aarch64-pc-cygwin/bin/ld: cannot export _sigfe_unlinkat: symbol not defined
/root/xc/inst/lib/gcc/aarch64-pc-cygwin/15.0.1/../../../../aarch64-pc-cygwin/bin/ld: cannot export _sigfe_unsetenv: symbol not defined
/root/xc/inst/lib/gcc/aarch64-pc-cygwin/15.0.1/../../../../aarch64-pc-cygwin/bin/ld: cannot export _sigfe_updwtmp: symbol not defined
/root/xc/inst/lib/gcc/aarch64-pc-cygwin/15.0.1/../../../../aarch64-pc-cygwin/bin/ld: cannot export _sigfe_updwtmpx: symbol not defined
/root/xc/inst/lib/gcc/aarch64-pc-cygwin/15.0.1/../../../../aarch64-pc-cygwin/bin/ld: cannot export _sigfe_uselocale: symbol not defined
/root/xc/inst/lib/gcc/aarch64-pc-cygwin/15.0.1/../../../../aarch64-pc-cygwin/bin/ld: cannot export _sigfe_usleep: symbol not defined
/root/xc/inst/lib/gcc/aarch64-pc-cygwin/15.0.1/../../../../aarch64-pc-cygwin/bin/ld: cannot export _sigfe_utime: symbol not defined
/root/xc/inst/lib/gcc/aarch64-pc-cygwin/15.0.1/../../../../aarch64-pc-cygwin/bin/ld: cannot export _sigfe_utimensat: symbol not defined
/root/xc/inst/lib/gcc/aarch64-pc-cygwin/15.0.1/../../../../aarch64-pc-cygwin/bin/ld: cannot export _sigfe_utimes: symbol not defined
/root/xc/inst/lib/gcc/aarch64-pc-cygwin/15.0.1/../../../../aarch64-pc-cygwin/bin/ld: cannot export _sigfe_utmpname: symbol not defined
/root/xc/inst/lib/gcc/aarch64-pc-cygwin/15.0.1/../../../../aarch64-pc-cygwin/bin/ld: cannot export _sigfe_utmpxname: symbol not defined
/root/xc/inst/lib/gcc/aarch64-pc-cygwin/15.0.1/../../../../aarch64-pc-cygwin/bin/ld: cannot export _sigfe_valloc: symbol not defined
/root/xc/inst/lib/gcc/aarch64-pc-cygwin/15.0.1/../../../../aarch64-pc-cygwin/bin/ld: cannot export _sigfe_vasnprintf: symbol not defined
/root/xc/inst/lib/gcc/aarch64-pc-cygwin/15.0.1/../../../../aarch64-pc-cygwin/bin/ld: cannot export _sigfe_vasprintf: symbol not defined
/root/xc/inst/lib/gcc/aarch64-pc-cygwin/15.0.1/../../../../aarch64-pc-cygwin/bin/ld: cannot export _sigfe_vdprintf: symbol not defined
/root/xc/inst/lib/gcc/aarch64-pc-cygwin/15.0.1/../../../../aarch64-pc-cygwin/bin/ld: cannot export _sigfe_verr: symbol not defined
/root/xc/inst/lib/gcc/aarch64-pc-cygwin/15.0.1/../../../../aarch64-pc-cygwin/bin/ld: cannot export _sigfe_verrx: symbol not defined
/root/xc/inst/lib/gcc/aarch64-pc-cygwin/15.0.1/../../../../aarch64-pc-cygwin/bin/ld: cannot export _sigfe_vfiprintf: symbol not defined
/root/xc/inst/lib/gcc/aarch64-pc-cygwin/15.0.1/../../../../aarch64-pc-cygwin/bin/ld: cannot export _sigfe_vfork: symbol not defined
/root/xc/inst/lib/gcc/aarch64-pc-cygwin/15.0.1/../../../../aarch64-pc-cygwin/bin/ld: cannot export _sigfe_vfprintf: symbol not defined
/root/xc/inst/lib/gcc/aarch64-pc-cygwin/15.0.1/../../../../aarch64-pc-cygwin/bin/ld: cannot export _sigfe_vfscanf: symbol not defined
/root/xc/inst/lib/gcc/aarch64-pc-cygwin/15.0.1/../../../../aarch64-pc-cygwin/bin/ld: cannot export _sigfe_vfwprintf: symbol not defined
/root/xc/inst/lib/gcc/aarch64-pc-cygwin/15.0.1/../../../../aarch64-pc-cygwin/bin/ld: cannot export _sigfe_vfwscanf: symbol not defined
/root/xc/inst/lib/gcc/aarch64-pc-cygwin/15.0.1/../../../../aarch64-pc-cygwin/bin/ld: cannot export _sigfe_vhangup: symbol not defined
/root/xc/inst/lib/gcc/aarch64-pc-cygwin/15.0.1/../../../../aarch64-pc-cygwin/bin/ld: cannot export _sigfe_vprintf: symbol not defined
/root/xc/inst/lib/gcc/aarch64-pc-cygwin/15.0.1/../../../../aarch64-pc-cygwin/bin/ld: cannot export _sigfe_vscanf: symbol not defined
/root/xc/inst/lib/gcc/aarch64-pc-cygwin/15.0.1/../../../../aarch64-pc-cygwin/bin/ld: cannot export _sigfe_vsnprintf: symbol not defined
/root/xc/inst/lib/gcc/aarch64-pc-cygwin/15.0.1/../../../../aarch64-pc-cygwin/bin/ld: cannot export _sigfe_vsprintf: symbol not defined
/root/xc/inst/lib/gcc/aarch64-pc-cygwin/15.0.1/../../../../aarch64-pc-cygwin/bin/ld: cannot export _sigfe_vsscanf: symbol not defined
/root/xc/inst/lib/gcc/aarch64-pc-cygwin/15.0.1/../../../../aarch64-pc-cygwin/bin/ld: cannot export _sigfe_vswprintf: symbol not defined
/root/xc/inst/lib/gcc/aarch64-pc-cygwin/15.0.1/../../../../aarch64-pc-cygwin/bin/ld: cannot export _sigfe_vswscanf: symbol not defined
/root/xc/inst/lib/gcc/aarch64-pc-cygwin/15.0.1/../../../../aarch64-pc-cygwin/bin/ld: cannot export _sigfe_vsyslog: symbol not defined
/root/xc/inst/lib/gcc/aarch64-pc-cygwin/15.0.1/../../../../aarch64-pc-cygwin/bin/ld: cannot export _sigfe_vwarn: symbol not defined
/root/xc/inst/lib/gcc/aarch64-pc-cygwin/15.0.1/../../../../aarch64-pc-cygwin/bin/ld: cannot export _sigfe_vwarnx: symbol not defined
/root/xc/inst/lib/gcc/aarch64-pc-cygwin/15.0.1/../../../../aarch64-pc-cygwin/bin/ld: cannot export _sigfe_vwprintf: symbol not defined
/root/xc/inst/lib/gcc/aarch64-pc-cygwin/15.0.1/../../../../aarch64-pc-cygwin/bin/ld: cannot export _sigfe_vwscanf: symbol not defined
/root/xc/inst/lib/gcc/aarch64-pc-cygwin/15.0.1/../../../../aarch64-pc-cygwin/bin/ld: cannot export _sigfe_wait: symbol not defined
/root/xc/inst/lib/gcc/aarch64-pc-cygwin/15.0.1/../../../../aarch64-pc-cygwin/bin/ld: cannot export _sigfe_wait3: symbol not defined
/root/xc/inst/lib/gcc/aarch64-pc-cygwin/15.0.1/../../../../aarch64-pc-cygwin/bin/ld: cannot export _sigfe_wait4: symbol not defined
/root/xc/inst/lib/gcc/aarch64-pc-cygwin/15.0.1/../../../../aarch64-pc-cygwin/bin/ld: cannot export _sigfe_waitpid: symbol not defined
/root/xc/inst/lib/gcc/aarch64-pc-cygwin/15.0.1/../../../../aarch64-pc-cygwin/bin/ld: cannot export _sigfe_warn: symbol not defined
/root/xc/inst/lib/gcc/aarch64-pc-cygwin/15.0.1/../../../../aarch64-pc-cygwin/bin/ld: cannot export _sigfe_warnx: symbol not defined
/root/xc/inst/lib/gcc/aarch64-pc-cygwin/15.0.1/../../../../aarch64-pc-cygwin/bin/ld: cannot export _sigfe_wcsftime: symbol not defined
/root/xc/inst/lib/gcc/aarch64-pc-cygwin/15.0.1/../../../../aarch64-pc-cygwin/bin/ld: cannot export _sigfe_wcsftime_l: symbol not defined
/root/xc/inst/lib/gcc/aarch64-pc-cygwin/15.0.1/../../../../aarch64-pc-cygwin/bin/ld: cannot export _sigfe_wprintf: symbol not defined
/root/xc/inst/lib/gcc/aarch64-pc-cygwin/15.0.1/../../../../aarch64-pc-cygwin/bin/ld: cannot export _sigfe_write: symbol not defined
/root/xc/inst/lib/gcc/aarch64-pc-cygwin/15.0.1/../../../../aarch64-pc-cygwin/bin/ld: cannot export _sigfe_writev: symbol not defined
/root/xc/inst/lib/gcc/aarch64-pc-cygwin/15.0.1/../../../../aarch64-pc-cygwin/bin/ld: cannot export _sigfe_wscanf: symbol not defined
/root/xc/inst/lib/gcc/aarch64-pc-cygwin/15.0.1/../../../../aarch64-pc-cygwin/bin/ld: cannot export _sigfe_xdr_array: symbol not defined
/root/xc/inst/lib/gcc/aarch64-pc-cygwin/15.0.1/../../../../aarch64-pc-cygwin/bin/ld: cannot export _sigfe_xdr_bool: symbol not defined
/root/xc/inst/lib/gcc/aarch64-pc-cygwin/15.0.1/../../../../aarch64-pc-cygwin/bin/ld: cannot export _sigfe_xdr_bytes: symbol not defined
/root/xc/inst/lib/gcc/aarch64-pc-cygwin/15.0.1/../../../../aarch64-pc-cygwin/bin/ld: cannot export _sigfe_xdr_char: symbol not defined
/root/xc/inst/lib/gcc/aarch64-pc-cygwin/15.0.1/../../../../aarch64-pc-cygwin/bin/ld: cannot export _sigfe_xdr_double: symbol not defined
/root/xc/inst/lib/gcc/aarch64-pc-cygwin/15.0.1/../../../../aarch64-pc-cygwin/bin/ld: cannot export _sigfe_xdr_enum: symbol not defined
/root/xc/inst/lib/gcc/aarch64-pc-cygwin/15.0.1/../../../../aarch64-pc-cygwin/bin/ld: cannot export _sigfe_xdr_float: symbol not defined
/root/xc/inst/lib/gcc/aarch64-pc-cygwin/15.0.1/../../../../aarch64-pc-cygwin/bin/ld: cannot export _sigfe_xdr_free: symbol not defined
/root/xc/inst/lib/gcc/aarch64-pc-cygwin/15.0.1/../../../../aarch64-pc-cygwin/bin/ld: cannot export _sigfe_xdr_hyper: symbol not defined
/root/xc/inst/lib/gcc/aarch64-pc-cygwin/15.0.1/../../../../aarch64-pc-cygwin/bin/ld: cannot export _sigfe_xdr_int: symbol not defined
/root/xc/inst/lib/gcc/aarch64-pc-cygwin/15.0.1/../../../../aarch64-pc-cygwin/bin/ld: cannot export _sigfe_xdr_int16_t: symbol not defined
/root/xc/inst/lib/gcc/aarch64-pc-cygwin/15.0.1/../../../../aarch64-pc-cygwin/bin/ld: cannot export _sigfe_xdr_int32_t: symbol not defined
/root/xc/inst/lib/gcc/aarch64-pc-cygwin/15.0.1/../../../../aarch64-pc-cygwin/bin/ld: cannot export _sigfe_xdr_int64_t: symbol not defined
/root/xc/inst/lib/gcc/aarch64-pc-cygwin/15.0.1/../../../../aarch64-pc-cygwin/bin/ld: cannot export _sigfe_xdr_int8_t: symbol not defined
/root/xc/inst/lib/gcc/aarch64-pc-cygwin/15.0.1/../../../../aarch64-pc-cygwin/bin/ld: cannot export _sigfe_xdr_long: symbol not defined
/root/xc/inst/lib/gcc/aarch64-pc-cygwin/15.0.1/../../../../aarch64-pc-cygwin/bin/ld: cannot export _sigfe_xdr_longlong_t: symbol not defined
/root/xc/inst/lib/gcc/aarch64-pc-cygwin/15.0.1/../../../../aarch64-pc-cygwin/bin/ld: cannot export _sigfe_xdr_netobj: symbol not defined
/root/xc/inst/lib/gcc/aarch64-pc-cygwin/15.0.1/../../../../aarch64-pc-cygwin/bin/ld: cannot export _sigfe_xdr_opaque: symbol not defined
/root/xc/inst/lib/gcc/aarch64-pc-cygwin/15.0.1/../../../../aarch64-pc-cygwin/bin/ld: cannot export _sigfe_xdr_pointer: symbol not defined
/root/xc/inst/lib/gcc/aarch64-pc-cygwin/15.0.1/../../../../aarch64-pc-cygwin/bin/ld: cannot export _sigfe_xdr_reference: symbol not defined
/root/xc/inst/lib/gcc/aarch64-pc-cygwin/15.0.1/../../../../aarch64-pc-cygwin/bin/ld: cannot export _sigfe_xdr_short: symbol not defined
/root/xc/inst/lib/gcc/aarch64-pc-cygwin/15.0.1/../../../../aarch64-pc-cygwin/bin/ld: cannot export _sigfe_xdr_sizeof: symbol not defined
/root/xc/inst/lib/gcc/aarch64-pc-cygwin/15.0.1/../../../../aarch64-pc-cygwin/bin/ld: cannot export _sigfe_xdr_string: symbol not defined
/root/xc/inst/lib/gcc/aarch64-pc-cygwin/15.0.1/../../../../aarch64-pc-cygwin/bin/ld: cannot export _sigfe_xdr_u_char: symbol not defined
/root/xc/inst/lib/gcc/aarch64-pc-cygwin/15.0.1/../../../../aarch64-pc-cygwin/bin/ld: cannot export _sigfe_xdr_u_hyper: symbol not defined
/root/xc/inst/lib/gcc/aarch64-pc-cygwin/15.0.1/../../../../aarch64-pc-cygwin/bin/ld: cannot export _sigfe_xdr_u_int: symbol not defined
/root/xc/inst/lib/gcc/aarch64-pc-cygwin/15.0.1/../../../../aarch64-pc-cygwin/bin/ld: cannot export _sigfe_xdr_u_int16_t: symbol not defined
/root/xc/inst/lib/gcc/aarch64-pc-cygwin/15.0.1/../../../../aarch64-pc-cygwin/bin/ld: cannot export _sigfe_xdr_u_int32_t: symbol not defined
/root/xc/inst/lib/gcc/aarch64-pc-cygwin/15.0.1/../../../../aarch64-pc-cygwin/bin/ld: cannot export _sigfe_xdr_u_int64_t: symbol not defined
/root/xc/inst/lib/gcc/aarch64-pc-cygwin/15.0.1/../../../../aarch64-pc-cygwin/bin/ld: cannot export _sigfe_xdr_u_int8_t: symbol not defined
/root/xc/inst/lib/gcc/aarch64-pc-cygwin/15.0.1/../../../../aarch64-pc-cygwin/bin/ld: cannot export _sigfe_xdr_u_long: symbol not defined
/root/xc/inst/lib/gcc/aarch64-pc-cygwin/15.0.1/../../../../aarch64-pc-cygwin/bin/ld: cannot export _sigfe_xdr_u_longlong_t: symbol not defined
/root/xc/inst/lib/gcc/aarch64-pc-cygwin/15.0.1/../../../../aarch64-pc-cygwin/bin/ld: cannot export _sigfe_xdr_u_short: symbol not defined
/root/xc/inst/lib/gcc/aarch64-pc-cygwin/15.0.1/../../../../aarch64-pc-cygwin/bin/ld: cannot export _sigfe_xdr_uint16_t: symbol not defined
/root/xc/inst/lib/gcc/aarch64-pc-cygwin/15.0.1/../../../../aarch64-pc-cygwin/bin/ld: cannot export _sigfe_xdr_uint32_t: symbol not defined
/root/xc/inst/lib/gcc/aarch64-pc-cygwin/15.0.1/../../../../aarch64-pc-cygwin/bin/ld: cannot export _sigfe_xdr_uint64_t: symbol not defined
/root/xc/inst/lib/gcc/aarch64-pc-cygwin/15.0.1/../../../../aarch64-pc-cygwin/bin/ld: cannot export _sigfe_xdr_uint8_t: symbol not defined
/root/xc/inst/lib/gcc/aarch64-pc-cygwin/15.0.1/../../../../aarch64-pc-cygwin/bin/ld: cannot export _sigfe_xdr_union: symbol not defined
/root/xc/inst/lib/gcc/aarch64-pc-cygwin/15.0.1/../../../../aarch64-pc-cygwin/bin/ld: cannot export _sigfe_xdr_vector: symbol not defined
/root/xc/inst/lib/gcc/aarch64-pc-cygwin/15.0.1/../../../../aarch64-pc-cygwin/bin/ld: cannot export _sigfe_xdr_void: symbol not defined
/root/xc/inst/lib/gcc/aarch64-pc-cygwin/15.0.1/../../../../aarch64-pc-cygwin/bin/ld: cannot export _sigfe_xdr_wrapstring: symbol not defined
/root/xc/inst/lib/gcc/aarch64-pc-cygwin/15.0.1/../../../../aarch64-pc-cygwin/bin/ld: cannot export _sigfe_xdrmem_create: symbol not defined
/root/xc/inst/lib/gcc/aarch64-pc-cygwin/15.0.1/../../../../aarch64-pc-cygwin/bin/ld: cannot export _sigfe_xdrrec_create: symbol not defined
/root/xc/inst/lib/gcc/aarch64-pc-cygwin/15.0.1/../../../../aarch64-pc-cygwin/bin/ld: cannot export _sigfe_xdrrec_endofrecord: symbol not defined
/root/xc/inst/lib/gcc/aarch64-pc-cygwin/15.0.1/../../../../aarch64-pc-cygwin/bin/ld: cannot export _sigfe_xdrrec_eof: symbol not defined
/root/xc/inst/lib/gcc/aarch64-pc-cygwin/15.0.1/../../../../aarch64-pc-cygwin/bin/ld: cannot export _sigfe_xdrrec_skiprecord: symbol not defined
/root/xc/inst/lib/gcc/aarch64-pc-cygwin/15.0.1/../../../../aarch64-pc-cygwin/bin/ld: cannot export _sigfe_xdrstdio_create: symbol not defined
/root/xc/inst/lib/gcc/aarch64-pc-cygwin/15.0.1/../../../../aarch64-pc-cygwin/bin/ld: libdll.a(assert.o): in function `__assert_func':
/root/xc/runtime/winsup/cygwin/assert.cc:42:(.text+0x154): undefined reference to `MessageBoxW'
/root/xc/inst/lib/gcc/aarch64-pc-cygwin/15.0.1/../../../../aarch64-pc-cygwin/bin/ld: libdll.a(clock.o): in function `_ZN15clk_monotonic_t3nowEmP8timespec':
/root/xc/runtime/winsup/cygwin/clock.cc:142:(.text+0x250): undefined reference to `QueryUnbiasedInterruptTimePrecise'
/root/xc/inst/lib/gcc/aarch64-pc-cygwin/15.0.1/../../../../aarch64-pc-cygwin/bin/ld: libdll.a(clock.o): in function `_ZN14clk_boottime_t3nowEmP8timespec':
/root/xc/runtime/winsup/cygwin/clock.cc:197:(.text+0x4f0): undefined reference to `QueryInterruptTimePrecise'
/root/xc/inst/lib/gcc/aarch64-pc-cygwin/15.0.1/../../../../aarch64-pc-cygwin/bin/ld: libdll.a(create_posix_thread.o): in function `_ZN16thread_allocator6_allocEy':
/root/xc/runtime/winsup/cygwin/create_posix_thread.cc:158:(.text$_ZN16thread_allocator6_allocEy[_ZN16thread_allocator6_allocEy]+0x5c): undefined reference to `VirtualAlloc2'
/root/xc/inst/lib/gcc/aarch64-pc-cygwin/15.0.1/../../../../aarch64-pc-cygwin/bin/ld: /root/xc/runtime/winsup/cygwin/create_posix_thread.cc:175:(.text$_ZN16thread_allocator6_allocEy[_ZN16thread_allocator6_allocEy]+0xa0): undefined reference to `VirtualAlloc2'
/root/xc/inst/lib/gcc/aarch64-pc-cygwin/15.0.1/../../../../aarch64-pc-cygwin/bin/ld: libdll.a(dtable.o): in function `_ZN6dtable25init_std_file_from_handleEiPv':
/root/xc/runtime/winsup/cygwin/dtable.cc:310:(.text+0x250c): undefined reference to `getsockopt'
/root/xc/inst/lib/gcc/aarch64-pc-cygwin/15.0.1/../../../../aarch64-pc-cygwin/bin/ld: libdll.a(environ.o): in function `_Z9build_envPKPKcRPwRibPvb':
/root/xc/runtime/winsup/cygwin/environ.cc:1133:(.text+0x27f8): undefined reference to `CreateEnvironmentBlock'
/root/xc/inst/lib/gcc/aarch64-pc-cygwin/15.0.1/../../../../aarch64-pc-cygwin/bin/ld: /root/xc/runtime/winsup/cygwin/environ.cc:1149:(.text+0x29f0): undefined reference to `DestroyEnvironmentBlock'
/root/xc/inst/lib/gcc/aarch64-pc-cygwin/15.0.1/../../../../aarch64-pc-cygwin/bin/ld: /root/xc/runtime/winsup/cygwin/environ.cc:1149:(.text+0x3158): undefined reference to `DestroyEnvironmentBlock'
libdll.a(exceptions.o): in function `__unwind_single_frame':
/root/xc/runtime/winsup/cygwin/exceptions.cc:362:(.text+0xb7c): relocation truncated to fit: IMAGE_REL_ARM64_PAGEOFFSET_12L against symbol `__imp_RtlLookupFunctionEntry' defined in .idata$5 section in /root/xc/implibs/lib/libkernel32.a(_root_xc_implibs_lib_libkernel32_a_s01247.o)
/root/xc/runtime/winsup/cygwin/exceptions.cc:364:(.text+0xbcc): relocation truncated to fit: IMAGE_REL_ARM64_PAGEOFFSET_12L against symbol `__imp_RtlVirtualUnwind' defined in .idata$5 section in /root/xc/implibs/lib/libkernel32.a(_root_xc_implibs_lib_libkernel32_a_s01254.o)
libdll.a(exceptions.o): in function `cygwin_stackdump':
/root/xc/runtime/winsup/cygwin/exceptions.cc:533:(.text+0x2130): relocation truncated to fit: IMAGE_REL_ARM64_PAGEOFFSET_12L against symbol `__imp_RtlCaptureContext' defined in .idata$5 section in /root/xc/implibs/lib/libkernel32.a(_root_xc_implibs_lib_libkernel32_a_s01239.o)
libdll.a(exceptions.o): in function `signal_exit':
/root/xc/runtime/winsup/cygwin/exceptions.cc:1482:(.text+0x2398): relocation truncated to fit: IMAGE_REL_ARM64_PAGEOFFSET_12L against symbol `__imp_RtlCaptureContext' defined in .idata$5 section in /root/xc/implibs/lib/libkernel32.a(_root_xc_implibs_lib_libkernel32_a_s01239.o)
libdll.a(exceptions.o): in function `_ZN9exception7myfaultEP17_EXCEPTION_RECORDPvP8_CONTEXTP19_DISPATCHER_CONTEXT':
/root/xc/runtime/winsup/cygwin/exceptions.cc:655:(.text+0x2408): relocation truncated to fit: IMAGE_REL_ARM64_PAGEOFFSET_12L against symbol `__imp_RtlUnwindEx' defined in .idata$5 section in /root/xc/implibs/lib/libkernel32.a(_root_xc_implibs_lib_libkernel32_a_s01253.o)
libdll.a(exceptions.o): in function `_Z24myfault_altstack_handlerP19_EXCEPTION_POINTERS':
/root/xc/runtime/winsup/cygwin/exceptions.cc:685:(.text+0x2484): relocation truncated to fit: IMAGE_REL_ARM64_PAGEOFFSET_12L against symbol `__imp_RtlRestoreContext' defined in .idata$5 section in /root/xc/implibs/lib/libkernel32.a(_root_xc_implibs_lib_libkernel32_a_s01251.o)
libdll.a(exceptions.o): in function `_ZN7_cygtls19call_signal_handlerEv':
/root/xc/runtime/winsup/cygwin/exceptions.cc:1853:(.text+0x4320): relocation truncated to fit: IMAGE_REL_ARM64_PAGEOFFSET_12L against symbol `__imp_RtlCaptureContext' defined in .idata$5 section in /root/xc/implibs/lib/libkernel32.a(_root_xc_implibs_lib_libkernel32_a_s01239.o)
libdll.a(exceptions.o): in function `__unwind_single_frame':
/root/xc/runtime/winsup/cygwin/exceptions.cc:362:(.text+0x433c): relocation truncated to fit: IMAGE_REL_ARM64_PAGEOFFSET_12L against symbol `__imp_RtlLookupFunctionEntry' defined in .idata$5 section in /root/xc/implibs/lib/libkernel32.a(_root_xc_implibs_lib_libkernel32_a_s01247.o)
/root/xc/runtime/winsup/cygwin/exceptions.cc:364:(.text+0x4384): relocation truncated to fit: IMAGE_REL_ARM64_PAGEOFFSET_12L against symbol `__imp_RtlVirtualUnwind' defined in .idata$5 section in /root/xc/implibs/lib/libkernel32.a(_root_xc_implibs_lib_libkernel32_a_s01254.o)
libdll.a(exceptions.o): in function `setcontext':
/root/xc/runtime/winsup/cygwin/exceptions.cc:2099:(.text+0x45c0): relocation truncated to fit: IMAGE_REL_ARM64_PAGEOFFSET_12L against symbol `__imp_RtlRestoreContext' defined in .idata$5 section in /root/xc/implibs/lib/libkernel32.a(_root_xc_implibs_lib_libkernel32_a_s01251.o)
libdll.a(exceptions.o): in function `getcontext':
/root/xc/runtime/winsup/cygwin/exceptions.cc:2109:(.text+0x4640): additional relocation overflows omitted from the output
/root/xc/inst/lib/gcc/aarch64-pc-cygwin/15.0.1/../../../../aarch64-pc-cygwin/bin/ld: libdll.a(exceptions.o): in function `_ZN10stack_info4walkEv':
/root/xc/runtime/winsup/cygwin/exceptions.cc:388:(.text+0x1b88): undefined reference to `_sigdelayed_end'
/root/xc/inst/lib/gcc/aarch64-pc-cygwin/15.0.1/../../../../aarch64-pc-cygwin/bin/ld: /root/xc/runtime/winsup/cygwin/exceptions.cc:388:(.text+0x1b8c): undefined reference to `_sigdelayed_end'
/root/xc/inst/lib/gcc/aarch64-pc-cygwin/15.0.1/../../../../aarch64-pc-cygwin/bin/ld: /root/xc/runtime/winsup/cygwin/exceptions.cc:388:(.text+0x1b94): undefined reference to `_sigbe'
/root/xc/inst/lib/gcc/aarch64-pc-cygwin/15.0.1/../../../../aarch64-pc-cygwin/bin/ld: /root/xc/runtime/winsup/cygwin/exceptions.cc:388:(.text+0x1b98): undefined reference to `_sigbe'
/root/xc/inst/lib/gcc/aarch64-pc-cygwin/15.0.1/../../../../aarch64-pc-cygwin/bin/ld: libdll.a(exceptions.o): in function `_ZN7_cygtls4pushEm':
/root/xc/runtime/winsup/cygwin/local_includes/cygtls.h:217:(.text+0x2a28): undefined reference to `sigdelayed'
/root/xc/inst/lib/gcc/aarch64-pc-cygwin/15.0.1/../../../../aarch64-pc-cygwin/bin/ld: /root/xc/runtime/winsup/cygwin/local_includes/cygtls.h:217:(.text+0x2a2c): undefined reference to `sigdelayed'
/root/xc/inst/lib/gcc/aarch64-pc-cygwin/15.0.1/../../../../aarch64-pc-cygwin/bin/ld: libdll.a(exceptions.o): in function `_ZN7_cygtls19call_signal_handlerEv':
/root/xc/runtime/winsup/cygwin/exceptions.cc:1815:(.text+0x3ff4): undefined reference to `sigdelayed'
/root/xc/inst/lib/gcc/aarch64-pc-cygwin/15.0.1/../../../../aarch64-pc-cygwin/bin/ld: /root/xc/runtime/winsup/cygwin/exceptions.cc:1815:(.text+0x3ff8): undefined reference to `sigdelayed'
/root/xc/inst/lib/gcc/aarch64-pc-cygwin/15.0.1/../../../../aarch64-pc-cygwin/bin/ld: libdll.a(external.o): in function `cygwin_internal':
/root/xc/runtime/winsup/cygwin/external.cc:715:(.text+0xbcc): undefined reference to `LookupAccountNameW'
/root/xc/inst/lib/gcc/aarch64-pc-cygwin/15.0.1/../../../../aarch64-pc-cygwin/bin/ld: libdll.a(clipboard.o): in function `open_clipboard':
/root/xc/runtime/winsup/cygwin/fhandler/clipboard.cc:32:(.text+0x13c): undefined reference to `OpenClipboard'
/root/xc/inst/lib/gcc/aarch64-pc-cygwin/15.0.1/../../../../aarch64-pc-cygwin/bin/ld: /root/xc/runtime/winsup/cygwin/fhandler/clipboard.cc:39:(.text+0x148): undefined reference to `GetClipboardData'
/root/xc/inst/lib/gcc/aarch64-pc-cygwin/15.0.1/../../../../aarch64-pc-cygwin/bin/ld: /root/xc/runtime/winsup/cygwin/fhandler/clipboard.cc:46:(.text+0x160): undefined reference to `CloseClipboard'
/root/xc/inst/lib/gcc/aarch64-pc-cygwin/15.0.1/../../../../aarch64-pc-cygwin/bin/ld: libdll.a(clipboard.o): in function `_ZN22fhandler_dev_clipboard5fstatEP4stat':
/root/xc/runtime/winsup/cygwin/fhandler/clipboard.cc:209:(.text+0x1a0): undefined reference to `GetPriorityClipboardFormat'
/root/xc/inst/lib/gcc/aarch64-pc-cygwin/15.0.1/../../../../aarch64-pc-cygwin/bin/ld: libdll.a(clipboard.o): in function `close_clipboard':
/root/xc/runtime/winsup/cygwin/fhandler/clipboard.cc:58:(.text+0x1ac): undefined reference to `CloseClipboard'
/root/xc/inst/lib/gcc/aarch64-pc-cygwin/15.0.1/../../../../aarch64-pc-cygwin/bin/ld: libdll.a(clipboard.o): in function `_ZN22fhandler_dev_clipboard5fstatEP4stat':
/root/xc/runtime/winsup/cygwin/fhandler/clipboard.cc:210:(.text+0x1c4): undefined reference to `GetClipboardData'
/root/xc/inst/lib/gcc/aarch64-pc-cygwin/15.0.1/../../../../aarch64-pc-cygwin/bin/ld: libdll.a(clipboard.o): in function `close_clipboard':
/root/xc/runtime/winsup/cygwin/fhandler/clipboard.cc:58:(.text+0x1f4): undefined reference to `CloseClipboard'
/root/xc/inst/lib/gcc/aarch64-pc-cygwin/15.0.1/../../../../aarch64-pc-cygwin/bin/ld: libdll.a(clipboard.o): in function `open_clipboard':
/root/xc/runtime/winsup/cygwin/fhandler/clipboard.cc:32:(.text+0x22c): undefined reference to `OpenClipboard'
/root/xc/inst/lib/gcc/aarch64-pc-cygwin/15.0.1/../../../../aarch64-pc-cygwin/bin/ld: /root/xc/runtime/winsup/cygwin/fhandler/clipboard.cc:39:(.text+0x238): undefined reference to `GetClipboardData'
/root/xc/inst/lib/gcc/aarch64-pc-cygwin/15.0.1/../../../../aarch64-pc-cygwin/bin/ld: /root/xc/runtime/winsup/cygwin/fhandler/clipboard.cc:46:(.text+0x250): undefined reference to `CloseClipboard'
/root/xc/inst/lib/gcc/aarch64-pc-cygwin/15.0.1/../../../../aarch64-pc-cygwin/bin/ld: libdll.a(clipboard.o): in function `_ZN22fhandler_dev_clipboard4readEPvRm':
/root/xc/runtime/winsup/cygwin/fhandler/clipboard.cc:240:(.text+0x2a0): undefined reference to `GetPriorityClipboardFormat'
/root/xc/inst/lib/gcc/aarch64-pc-cygwin/15.0.1/../../../../aarch64-pc-cygwin/bin/ld: /root/xc/runtime/winsup/cygwin/fhandler/clipboard.cc:241:(.text+0x2ac): undefined reference to `GetClipboardData'
/root/xc/inst/lib/gcc/aarch64-pc-cygwin/15.0.1/../../../../aarch64-pc-cygwin/bin/ld: libdll.a(clipboard.o): in function `close_clipboard':
/root/xc/runtime/winsup/cygwin/fhandler/clipboard.cc:58:(.text+0x2ec): undefined reference to `CloseClipboard'
/root/xc/inst/lib/gcc/aarch64-pc-cygwin/15.0.1/../../../../aarch64-pc-cygwin/bin/ld: /root/xc/runtime/winsup/cygwin/fhandler/clipboard.cc:58:(.text+0x308): undefined reference to `CloseClipboard'
/root/xc/inst/lib/gcc/aarch64-pc-cygwin/15.0.1/../../../../aarch64-pc-cygwin/bin/ld: libdll.a(clipboard.o): in function `open_clipboard':
/root/xc/runtime/winsup/cygwin/fhandler/clipboard.cc:32:(.text+0x4fc): undefined reference to `OpenClipboard'
/root/xc/inst/lib/gcc/aarch64-pc-cygwin/15.0.1/../../../../aarch64-pc-cygwin/bin/ld: /root/xc/runtime/winsup/cygwin/fhandler/clipboard.cc:39:(.text+0x508): undefined reference to `GetClipboardData'
/root/xc/inst/lib/gcc/aarch64-pc-cygwin/15.0.1/../../../../aarch64-pc-cygwin/bin/ld: /root/xc/runtime/winsup/cygwin/fhandler/clipboard.cc:46:(.text+0x520): undefined reference to `CloseClipboard'
/root/xc/inst/lib/gcc/aarch64-pc-cygwin/15.0.1/../../../../aarch64-pc-cygwin/bin/ld: libdll.a(clipboard.o): in function `_ZN22fhandler_dev_clipboardC2Ev':
/root/xc/runtime/winsup/cygwin/fhandler/clipboard.cc:72:(.text+0x548): undefined reference to `RegisterClipboardFormatW'
/root/xc/inst/lib/gcc/aarch64-pc-cygwin/15.0.1/../../../../aarch64-pc-cygwin/bin/ld: libdll.a(clipboard.o): in function `close_clipboard':
/root/xc/runtime/winsup/cygwin/fhandler/clipboard.cc:58:(.text+0x55c): undefined reference to `CloseClipboard'
/root/xc/inst/lib/gcc/aarch64-pc-cygwin/15.0.1/../../../../aarch64-pc-cygwin/bin/ld: libdll.a(clipboard.o): in function `open_clipboard':
/root/xc/runtime/winsup/cygwin/fhandler/clipboard.cc:32:(.text+0x590): undefined reference to `OpenClipboard'
/root/xc/inst/lib/gcc/aarch64-pc-cygwin/15.0.1/../../../../aarch64-pc-cygwin/bin/ld: /root/xc/runtime/winsup/cygwin/fhandler/clipboard.cc:39:(.text+0x59c): undefined reference to `GetClipboardData'
/root/xc/inst/lib/gcc/aarch64-pc-cygwin/15.0.1/../../../../aarch64-pc-cygwin/bin/ld: /root/xc/runtime/winsup/cygwin/fhandler/clipboard.cc:46:(.text+0x5b4): undefined reference to `CloseClipboard'
/root/xc/inst/lib/gcc/aarch64-pc-cygwin/15.0.1/../../../../aarch64-pc-cygwin/bin/ld: /root/xc/runtime/winsup/cygwin/fhandler/clipboard.cc:32:(.text+0x64c): undefined reference to `OpenClipboard'
/root/xc/inst/lib/gcc/aarch64-pc-cygwin/15.0.1/../../../../aarch64-pc-cygwin/bin/ld: /root/xc/runtime/winsup/cygwin/fhandler/clipboard.cc:39:(.text+0x658): undefined reference to `GetClipboardData'
/root/xc/inst/lib/gcc/aarch64-pc-cygwin/15.0.1/../../../../aarch64-pc-cygwin/bin/ld: /root/xc/runtime/winsup/cygwin/fhandler/clipboard.cc:46:(.text+0x670): undefined reference to `CloseClipboard'
/root/xc/inst/lib/gcc/aarch64-pc-cygwin/15.0.1/../../../../aarch64-pc-cygwin/bin/ld: libdll.a(clipboard.o): in function `_ZN22fhandler_dev_clipboard13set_clipboardEPKvm':
/root/xc/runtime/winsup/cygwin/fhandler/clipboard.cc:113:(.text+0x6e8): undefined reference to `EmptyClipboard'
/root/xc/inst/lib/gcc/aarch64-pc-cygwin/15.0.1/../../../../aarch64-pc-cygwin/bin/ld: /root/xc/runtime/winsup/cygwin/fhandler/clipboard.cc:114:(.text+0x6f4): undefined reference to `SetClipboardData'
/root/xc/inst/lib/gcc/aarch64-pc-cygwin/15.0.1/../../../../aarch64-pc-cygwin/bin/ld: libdll.a(clipboard.o): in function `close_clipboard':
/root/xc/runtime/winsup/cygwin/fhandler/clipboard.cc:58:(.text+0x6fc): undefined reference to `CloseClipboard'
/root/xc/inst/lib/gcc/aarch64-pc-cygwin/15.0.1/../../../../aarch64-pc-cygwin/bin/ld: libdll.a(clipboard.o): in function `_ZN22fhandler_dev_clipboard13set_clipboardEPKvm':
/root/xc/runtime/winsup/cygwin/fhandler/clipboard.cc:147:(.text+0x7b8): undefined reference to `SetClipboardData'
/root/xc/inst/lib/gcc/aarch64-pc-cygwin/15.0.1/../../../../aarch64-pc-cygwin/bin/ld: libdll.a(clipboard.o): in function `close_clipboard':
/root/xc/runtime/winsup/cygwin/fhandler/clipboard.cc:58:(.text+0x7c0): undefined reference to `CloseClipboard'
/root/xc/inst/lib/gcc/aarch64-pc-cygwin/15.0.1/../../../../aarch64-pc-cygwin/bin/ld: /root/xc/runtime/winsup/cygwin/fhandler/clipboard.cc:58:(.text+0x820): undefined reference to `CloseClipboard'
/root/xc/inst/lib/gcc/aarch64-pc-cygwin/15.0.1/../../../../aarch64-pc-cygwin/bin/ld: libdll.a(console.o): in function `beep':
/root/xc/runtime/winsup/cygwin/fhandler/console.cc:215:(.text+0x2d4): undefined reference to `MessageBeep'
/root/xc/inst/lib/gcc/aarch64-pc-cygwin/15.0.1/../../../../aarch64-pc-cygwin/bin/ld: /root/xc/runtime/winsup/cygwin/fhandler/console.cc:215:(.text+0x370): undefined reference to `MessageBeep'
/root/xc/inst/lib/gcc/aarch64-pc-cygwin/15.0.1/../../../../aarch64-pc-cygwin/bin/ld: libdll.a(console.o): in function `check_font':
/root/xc/runtime/winsup/cygwin/fhandler/console.cc:3614:(.text+0xc8c): undefined reference to `EnumFontFamiliesExW'
/root/xc/inst/lib/gcc/aarch64-pc-cygwin/15.0.1/../../../../aarch64-pc-cygwin/bin/ld: /root/xc/runtime/winsup/cygwin/fhandler/console.cc:3626:(.text+0xcd4): undefined reference to `CreateFontW'
/root/xc/inst/lib/gcc/aarch64-pc-cygwin/15.0.1/../../../../aarch64-pc-cygwin/bin/ld: /root/xc/runtime/winsup/cygwin/fhandler/console.cc:3634:(.text+0xce8): undefined reference to `SelectObject'
/root/xc/inst/lib/gcc/aarch64-pc-cygwin/15.0.1/../../../../aarch64-pc-cygwin/bin/ld: /root/xc/runtime/winsup/cygwin/fhandler/console.cc:3639:(.text+0xd14): undefined reference to `GetGlyphIndicesW'
/root/xc/inst/lib/gcc/aarch64-pc-cygwin/15.0.1/../../../../aarch64-pc-cygwin/bin/ld: /root/xc/runtime/winsup/cygwin/fhandler/console.cc:3658:(.text+0xd78): undefined reference to `SelectObject'
/root/xc/inst/lib/gcc/aarch64-pc-cygwin/15.0.1/../../../../aarch64-pc-cygwin/bin/ld: /root/xc/runtime/winsup/cygwin/fhandler/console.cc:3660:(.text+0xd80): undefined reference to `DeleteObject'
/root/xc/inst/lib/gcc/aarch64-pc-cygwin/15.0.1/../../../../aarch64-pc-cygwin/bin/ld: /root/xc/runtime/winsup/cygwin/fhandler/console.cc:3604:(.text+0xda0): undefined reference to `GetDC'
/root/xc/inst/lib/gcc/aarch64-pc-cygwin/15.0.1/../../../../aarch64-pc-cygwin/bin/ld: libdll.a(console.o): in function `_ZN16fhandler_console5setupEv':
/root/xc/runtime/winsup/cygwin/fhandler/console.cc:790:(.text+0x172c): undefined reference to `GetKeyboardLayout'
/root/xc/inst/lib/gcc/aarch64-pc-cygwin/15.0.1/../../../../aarch64-pc-cygwin/bin/ld: libdll.a(console.o): in function `_ZN16fhandler_console35create_invisible_console_workaroundEb':
/root/xc/runtime/winsup/cygwin/fhandler/console.cc:4590:(.text+0x70ec): undefined reference to `SetParent'
/root/xc/inst/lib/gcc/aarch64-pc-cygwin/15.0.1/../../../../aarch64-pc-cygwin/bin/ld: libdll.a(console.o): in function `_ZN16fhandler_console14need_invisibleEb':
/root/xc/runtime/winsup/cygwin/fhandler/console.cc:4640:(.text+0x7268): undefined reference to `GetProcessWindowStation'
/root/xc/inst/lib/gcc/aarch64-pc-cygwin/15.0.1/../../../../aarch64-pc-cygwin/bin/ld: /root/xc/runtime/winsup/cygwin/fhandler/console.cc:4645:(.text+0x7280): undefined reference to `GetUserObjectInformationW'
/root/xc/inst/lib/gcc/aarch64-pc-cygwin/15.0.1/../../../../aarch64-pc-cygwin/bin/ld: libdll.a(console.o): in function `_ZN16fhandler_console12char_commandEc':
/root/xc/runtime/winsup/cygwin/fhandler/console.cc:3529:(.text+0x834c): undefined reference to `PostMessageW'
/root/xc/inst/lib/gcc/aarch64-pc-cygwin/15.0.1/../../../../aarch64-pc-cygwin/bin/ld: /root/xc/runtime/winsup/cygwin/fhandler/console.cc:3546:(.text+0x85bc): undefined reference to `PostMessageW'
/root/xc/inst/lib/gcc/aarch64-pc-cygwin/15.0.1/../../../../aarch64-pc-cygwin/bin/ld: libdll.a(cygdrive.o): in function `_ZN17fhandler_cygdrive7readdirEP5__DIRP6dirent':
/root/xc/runtime/winsup/cygwin/fhandler/cygdrive.cc:123:(.text+0x140): undefined reference to `NetUseGetInfo'
/root/xc/inst/lib/gcc/aarch64-pc-cygwin/15.0.1/../../../../aarch64-pc-cygwin/bin/ld: /root/xc/runtime/winsup/cygwin/fhandler/cygdrive.cc:126:(.text+0x150): undefined reference to `NetApiBufferFree'
/root/xc/inst/lib/gcc/aarch64-pc-cygwin/15.0.1/../../../../aarch64-pc-cygwin/bin/ld: libdll.a(disk_file.o): in function `_ZN18fhandler_disk_file15fs_ioc_setflagsEm':
/root/xc/runtime/winsup/cygwin/fhandler/disk_file.cc:2837:(.text+0x58ec): undefined reference to `EncryptFileW'
/root/xc/inst/lib/gcc/aarch64-pc-cygwin/15.0.1/../../../../aarch64-pc-cygwin/bin/ld: /root/xc/runtime/winsup/cygwin/fhandler/disk_file.cc:2837:(.text+0x5a34): undefined reference to `DecryptFileW'
/root/xc/inst/lib/gcc/aarch64-pc-cygwin/15.0.1/../../../../aarch64-pc-cygwin/bin/ld: libdll.a(dsp.o): in function `_ZN16fhandler_dev_dsp4openEij':
/root/xc/runtime/winsup/cygwin/fhandler/dsp.cc:1078:(.text+0x388): undefined reference to `waveInGetNumDevs'
/root/xc/inst/lib/gcc/aarch64-pc-cygwin/15.0.1/../../../../aarch64-pc-cygwin/bin/ld: /root/xc/runtime/winsup/cygwin/fhandler/dsp.cc:1082:(.text+0x394): undefined reference to `waveOutGetNumDevs'
/root/xc/inst/lib/gcc/aarch64-pc-cygwin/15.0.1/../../../../aarch64-pc-cygwin/bin/ld: /root/xc/runtime/winsup/cygwin/fhandler/dsp.cc:1082:(.text+0x3f0): undefined reference to `waveOutGetNumDevs'
/root/xc/inst/lib/gcc/aarch64-pc-cygwin/15.0.1/../../../../aarch64-pc-cygwin/bin/ld: /root/xc/runtime/winsup/cygwin/fhandler/dsp.cc:1086:(.text+0x41c): undefined reference to `waveInGetNumDevs'
/root/xc/inst/lib/gcc/aarch64-pc-cygwin/15.0.1/../../../../aarch64-pc-cygwin/bin/ld: /root/xc/runtime/winsup/cygwin/fhandler/dsp.cc:1082:(.text+0x448): undefined reference to `waveOutGetNumDevs'
/root/xc/inst/lib/gcc/aarch64-pc-cygwin/15.0.1/../../../../aarch64-pc-cygwin/bin/ld: libdll.a(dsp.o): in function `_ZN16fhandler_dev_dsp9Audio_out5queryEiii':
/root/xc/runtime/winsup/cygwin/fhandler/dsp.cc:384:(.text+0xb18): undefined reference to `waveOutOpen'
/root/xc/inst/lib/gcc/aarch64-pc-cygwin/15.0.1/../../../../aarch64-pc-cygwin/bin/ld: libdll.a(dsp.o): in function `_ZN16fhandler_dev_dsp9Audio_out5startEv':
/root/xc/runtime/winsup/cygwin/fhandler/dsp.cc:406:(.text+0xd4c): undefined reference to `waveOutOpen'
/root/xc/inst/lib/gcc/aarch64-pc-cygwin/15.0.1/../../../../aarch64-pc-cygwin/bin/ld: libdll.a(dsp.o): in function `_ZN16fhandler_dev_dsp9Audio_out12waitforspaceEv':
/root/xc/runtime/winsup/cygwin/fhandler/dsp.cc:578:(.text+0x1090): undefined reference to `waveOutUnprepareHeader'
/root/xc/inst/lib/gcc/aarch64-pc-cygwin/15.0.1/../../../../aarch64-pc-cygwin/bin/ld: libdll.a(dsp.o): in function `_ZN16fhandler_dev_dsp9Audio_out11sendcurrentEv':
/root/xc/runtime/winsup/cygwin/fhandler/dsp.cc:614:(.text+0x1188): undefined reference to `waveOutPrepareHeader'
/root/xc/inst/lib/gcc/aarch64-pc-cygwin/15.0.1/../../../../aarch64-pc-cygwin/bin/ld: /root/xc/runtime/winsup/cygwin/fhandler/dsp.cc:618:(.text+0x11cc): undefined reference to `waveOutWrite'
/root/xc/inst/lib/gcc/aarch64-pc-cygwin/15.0.1/../../../../aarch64-pc-cygwin/bin/ld: libdll.a(dsp.o): in function `_ZN16fhandler_dev_dsp9Audio_out4stopEb':
/root/xc/runtime/winsup/cygwin/fhandler/dsp.cc:431:(.text+0x1488): undefined reference to `waveOutReset'
/root/xc/inst/lib/gcc/aarch64-pc-cygwin/15.0.1/../../../../aarch64-pc-cygwin/bin/ld: /root/xc/runtime/winsup/cygwin/fhandler/dsp.cc:435:(.text+0x14d8): undefined reference to `waveOutUnprepareHeader'
/root/xc/inst/lib/gcc/aarch64-pc-cygwin/15.0.1/../../../../aarch64-pc-cygwin/bin/ld: /root/xc/runtime/winsup/cygwin/fhandler/dsp.cc:440:(.text+0x1508): undefined reference to `waveOutClose'
/root/xc/inst/lib/gcc/aarch64-pc-cygwin/15.0.1/../../../../aarch64-pc-cygwin/bin/ld: /root/xc/runtime/winsup/cygwin/fhandler/dsp.cc:431:(.text+0x15bc): undefined reference to `waveOutReset'
/root/xc/inst/lib/gcc/aarch64-pc-cygwin/15.0.1/../../../../aarch64-pc-cygwin/bin/ld: libdll.a(dsp.o): in function `_ZN16fhandler_dev_dsp8Audio_in5queryEiii':
/root/xc/runtime/winsup/cygwin/fhandler/dsp.cc:767:(.text+0x19a0): undefined reference to `waveInOpen'
/root/xc/inst/lib/gcc/aarch64-pc-cygwin/15.0.1/../../../../aarch64-pc-cygwin/bin/ld: libdll.a(dsp.o): in function `_ZN16fhandler_dev_dsp8Audio_in4stopEv':
/root/xc/runtime/winsup/cygwin/fhandler/dsp.cc:814:(.text+0x1a48): undefined reference to `waveInReset'
/root/xc/inst/lib/gcc/aarch64-pc-cygwin/15.0.1/../../../../aarch64-pc-cygwin/bin/ld: /root/xc/runtime/winsup/cygwin/fhandler/dsp.cc:819:(.text+0x1a98): undefined reference to `waveInUnprepareHeader'
/root/xc/inst/lib/gcc/aarch64-pc-cygwin/15.0.1/../../../../aarch64-pc-cygwin/bin/ld: /root/xc/runtime/winsup/cygwin/fhandler/dsp.cc:824:(.text+0x1ac8): undefined reference to `waveInClose'
/root/xc/inst/lib/gcc/aarch64-pc-cygwin/15.0.1/../../../../aarch64-pc-cygwin/bin/ld: libdll.a(dsp.o): in function `_ZN16fhandler_dev_dsp8Audio_in10queueblockEP11wavehdr_tag':
/root/xc/runtime/winsup/cygwin/fhandler/dsp.cc:835:(.text+0x1bb0): undefined reference to `waveInPrepareHeader'
/root/xc/inst/lib/gcc/aarch64-pc-cygwin/15.0.1/../../../../aarch64-pc-cygwin/bin/ld: /root/xc/runtime/winsup/cygwin/fhandler/dsp.cc:839:(.text+0x1bd4): undefined reference to `waveInAddBuffer'
/root/xc/inst/lib/gcc/aarch64-pc-cygwin/15.0.1/../../../../aarch64-pc-cygwin/bin/ld: libdll.a(dsp.o): in function `_ZN16fhandler_dev_dsp8Audio_in4initEj':
/root/xc/runtime/winsup/cygwin/fhandler/dsp.cc:869:(.text+0x1d38): undefined reference to `waveInStart'
/root/xc/inst/lib/gcc/aarch64-pc-cygwin/15.0.1/../../../../aarch64-pc-cygwin/bin/ld: libdll.a(dsp.o): in function `_ZN16fhandler_dev_dsp8Audio_in5startEiii':
/root/xc/runtime/winsup/cygwin/fhandler/dsp.cc:789:(.text+0x1e70): undefined reference to `waveInOpen'
/root/xc/inst/lib/gcc/aarch64-pc-cygwin/15.0.1/../../../../aarch64-pc-cygwin/bin/ld: libdll.a(dsp.o): in function `_ZN16fhandler_dev_dsp8Audio_in11waitfordataEv':
/root/xc/runtime/winsup/cygwin/fhandler/dsp.cc:956:(.text+0x208c): undefined reference to `waveInUnprepareHeader'
/root/xc/inst/lib/gcc/aarch64-pc-cygwin/15.0.1/../../../../aarch64-pc-cygwin/bin/ld: libdll.a(mixer.o): in function `_ZN18fhandler_dev_mixer4openEij':
/root/xc/runtime/winsup/cygwin/fhandler/mixer.cc:43:(.text+0x114): undefined reference to `waveInGetNumDevs'
/root/xc/inst/lib/gcc/aarch64-pc-cygwin/15.0.1/../../../../aarch64-pc-cygwin/bin/ld: /root/xc/runtime/winsup/cygwin/fhandler/mixer.cc:43:(.text+0x140): undefined reference to `waveOutGetNumDevs'
/root/xc/inst/lib/gcc/aarch64-pc-cygwin/15.0.1/../../../../aarch64-pc-cygwin/bin/ld: libdll.a(mixer.o): in function `_ZN18fhandler_dev_mixer5ioctlEjPv':
/root/xc/runtime/winsup/cygwin/fhandler/mixer.cc:134:(.text+0x26c): undefined reference to `waveOutMessage'
/root/xc/inst/lib/gcc/aarch64-pc-cygwin/15.0.1/../../../../aarch64-pc-cygwin/bin/ld: /root/xc/runtime/winsup/cygwin/fhandler/mixer.cc:136:(.text+0x27c): undefined reference to `waveOutGetDevCapsA'
/root/xc/inst/lib/gcc/aarch64-pc-cygwin/15.0.1/../../../../aarch64-pc-cygwin/bin/ld: /root/xc/runtime/winsup/cygwin/fhandler/mixer.cc:137:(.text+0x288): undefined reference to `waveOutGetVolume'
/root/xc/inst/lib/gcc/aarch64-pc-cygwin/15.0.1/../../../../aarch64-pc-cygwin/bin/ld: /root/xc/runtime/winsup/cygwin/fhandler/mixer.cc:121:(.text+0x444): undefined reference to `waveOutMessage'
/root/xc/inst/lib/gcc/aarch64-pc-cygwin/15.0.1/../../../../aarch64-pc-cygwin/bin/ld: /root/xc/runtime/winsup/cygwin/fhandler/mixer.cc:123:(.text+0x454): undefined reference to `waveOutGetDevCapsA'
/root/xc/inst/lib/gcc/aarch64-pc-cygwin/15.0.1/../../../../aarch64-pc-cygwin/bin/ld: /root/xc/runtime/winsup/cygwin/fhandler/mixer.cc:127:(.text+0x4e4): undefined reference to `waveOutSetVolume'
/root/xc/inst/lib/gcc/aarch64-pc-cygwin/15.0.1/../../../../aarch64-pc-cygwin/bin/ld: /root/xc/runtime/winsup/cygwin/fhandler/mixer.cc:127:(.text+0x540): undefined reference to `waveOutSetVolume'
/root/xc/inst/lib/gcc/aarch64-pc-cygwin/15.0.1/../../../../aarch64-pc-cygwin/bin/ld: libdll.a(netdrive.o): in function `wnet_find_server':
/root/xc/runtime/winsup/cygwin/fhandler/netdrive.cc:278:(.text+0x40): undefined reference to `WNetOpenEnumW'
/root/xc/inst/lib/gcc/aarch64-pc-cygwin/15.0.1/../../../../aarch64-pc-cygwin/bin/ld: /root/xc/runtime/winsup/cygwin/fhandler/netdrive.cc:282:(.text+0x70): undefined reference to `WNetEnumResourceW'
/root/xc/inst/lib/gcc/aarch64-pc-cygwin/15.0.1/../../../../aarch64-pc-cygwin/bin/ld: /root/xc/runtime/winsup/cygwin/fhandler/netdrive.cc:287:(.text+0x94): undefined reference to `WNetGetNetworkInformationW'
/root/xc/inst/lib/gcc/aarch64-pc-cygwin/15.0.1/../../../../aarch64-pc-cygwin/bin/ld: /root/xc/runtime/winsup/cygwin/fhandler/netdrive.cc:303:(.text+0xdc): undefined reference to `WNetCloseEnum'
/root/xc/inst/lib/gcc/aarch64-pc-cygwin/15.0.1/../../../../aarch64-pc-cygwin/bin/ld: libdll.a(netdrive.o): in function `_ZN17fhandler_netdrive6existsEv':
/root/xc/runtime/winsup/cygwin/fhandler/netdrive.cc:576:(.text+0x394): undefined reference to `WNetGetProviderNameW'
/root/xc/inst/lib/gcc/aarch64-pc-cygwin/15.0.1/../../../../aarch64-pc-cygwin/bin/ld: /root/xc/runtime/winsup/cygwin/fhandler/netdrive.cc:576:(.text+0x3c8): undefined reference to `WNetGetProviderNameW'
/root/xc/inst/lib/gcc/aarch64-pc-cygwin/15.0.1/../../../../aarch64-pc-cygwin/bin/ld: /root/xc/runtime/winsup/cygwin/fhandler/netdrive.cc:590:(.text+0x478): undefined reference to `GetAddrInfoW'
/root/xc/inst/lib/gcc/aarch64-pc-cygwin/15.0.1/../../../../aarch64-pc-cygwin/bin/ld: /root/xc/runtime/winsup/cygwin/fhandler/netdrive.cc:597:(.text+0x4c8): undefined reference to `FreeAddrInfoW'
/root/xc/inst/lib/gcc/aarch64-pc-cygwin/15.0.1/../../../../aarch64-pc-cygwin/bin/ld: libdll.a(netdrive.o): in function `thread_netdrive_wsd':
/root/xc/runtime/winsup/cygwin/fhandler/netdrive.cc:193:(.text+0x608): undefined reference to `CoInitialize'
/root/xc/inst/lib/gcc/aarch64-pc-cygwin/15.0.1/../../../../aarch64-pc-cygwin/bin/ld: /root/xc/runtime/winsup/cygwin/fhandler/netdrive.cc:200:(.text+0x630): undefined reference to `SHGetKnownFolderItem'
/root/xc/inst/lib/gcc/aarch64-pc-cygwin/15.0.1/../../../../aarch64-pc-cygwin/bin/ld: /root/xc/runtime/winsup/cygwin/fhandler/netdrive.cc:264:(.text+0x6c4): undefined reference to `CoUninitialize'
/root/xc/inst/lib/gcc/aarch64-pc-cygwin/15.0.1/../../../../aarch64-pc-cygwin/bin/ld: /root/xc/runtime/winsup/cygwin/fhandler/netdrive.cc:251:(.text+0x784): undefined reference to `CoTaskMemFree'
/root/xc/inst/lib/gcc/aarch64-pc-cygwin/15.0.1/../../../../aarch64-pc-cygwin/bin/ld: /root/xc/runtime/winsup/cygwin/fhandler/netdrive.cc:264:(.text+0x7d0): undefined reference to `CoUninitialize'
/root/xc/inst/lib/gcc/aarch64-pc-cygwin/15.0.1/../../../../aarch64-pc-cygwin/bin/ld: libdll.a(netdrive.o): in function `thread_netdrive_wnet':
/root/xc/runtime/winsup/cygwin/fhandler/netdrive.cc:340:(.text+0x960): undefined reference to `WNetGetProviderNameW'
/root/xc/inst/lib/gcc/aarch64-pc-cygwin/15.0.1/../../../../aarch64-pc-cygwin/bin/ld: /root/xc/runtime/winsup/cygwin/fhandler/netdrive.cc:350:(.text+0x988): undefined reference to `WNetGetResourceInformationW'
/root/xc/inst/lib/gcc/aarch64-pc-cygwin/15.0.1/../../../../aarch64-pc-cygwin/bin/ld: /root/xc/runtime/winsup/cygwin/fhandler/netdrive.cc:483:(.text+0x9b8): undefined reference to `WNetCloseEnum'
/root/xc/inst/lib/gcc/aarch64-pc-cygwin/15.0.1/../../../../aarch64-pc-cygwin/bin/ld: /root/xc/runtime/winsup/cygwin/fhandler/netdrive.cc:371:(.text+0xa54): undefined reference to `WNetGetNetworkInformationW'
/root/xc/inst/lib/gcc/aarch64-pc-cygwin/15.0.1/../../../../aarch64-pc-cygwin/bin/ld: /root/xc/runtime/winsup/cygwin/fhandler/netdrive.cc:422:(.text+0xaa0): undefined reference to `WNetOpenEnumW'
/root/xc/inst/lib/gcc/aarch64-pc-cygwin/15.0.1/../../../../aarch64-pc-cygwin/bin/ld: /root/xc/runtime/winsup/cygwin/fhandler/netdrive.cc:432:(.text+0xae8): undefined reference to `WNetEnumResourceW'
/root/xc/inst/lib/gcc/aarch64-pc-cygwin/15.0.1/../../../../aarch64-pc-cygwin/bin/ld: /root/xc/runtime/winsup/cygwin/fhandler/netdrive.cc:424:(.text+0xc6c): undefined reference to `WNetOpenEnumW'
/root/xc/inst/lib/gcc/aarch64-pc-cygwin/15.0.1/../../../../aarch64-pc-cygwin/bin/ld: libdll.a(netdrive.o): in function `server_is_running_nfs':
/root/xc/runtime/winsup/cygwin/fhandler/netdrive.cc:151:(.text+0xcbc): undefined reference to `GetAddrInfoW'
/root/xc/inst/lib/gcc/aarch64-pc-cygwin/15.0.1/../../../../aarch64-pc-cygwin/bin/ld: /root/xc/runtime/winsup/cygwin/fhandler/netdrive.cc:156:(.text+0xcd4): undefined reference to `socket'
/root/xc/inst/lib/gcc/aarch64-pc-cygwin/15.0.1/../../../../aarch64-pc-cygwin/bin/ld: /root/xc/runtime/winsup/cygwin/fhandler/netdrive.cc:161:(.text+0xcf4): undefined reference to `ioctlsocket'
/root/xc/inst/lib/gcc/aarch64-pc-cygwin/15.0.1/../../../../aarch64-pc-cygwin/bin/ld: /root/xc/runtime/winsup/cygwin/fhandler/netdrive.cc:162:(.text+0xd04): undefined reference to `connect'
/root/xc/inst/lib/gcc/aarch64-pc-cygwin/15.0.1/../../../../aarch64-pc-cygwin/bin/ld: /root/xc/runtime/winsup/cygwin/fhandler/netdrive.cc:173:(.text+0xd10): undefined reference to `closesocket'
/root/xc/inst/lib/gcc/aarch64-pc-cygwin/15.0.1/../../../../aarch64-pc-cygwin/bin/ld: /root/xc/runtime/winsup/cygwin/fhandler/netdrive.cc:176:(.text+0xd18): undefined reference to `FreeAddrInfoW'
/root/xc/inst/lib/gcc/aarch64-pc-cygwin/15.0.1/../../../../aarch64-pc-cygwin/bin/ld: /root/xc/runtime/winsup/cygwin/fhandler/netdrive.cc:176:(.text+0xde0): undefined reference to `FreeAddrInfoW'
/root/xc/inst/lib/gcc/aarch64-pc-cygwin/15.0.1/../../../../aarch64-pc-cygwin/bin/ld: /root/xc/runtime/winsup/cygwin/fhandler/netdrive.cc:165:(.text+0xe08): undefined reference to `WSAGetLastError'
/root/xc/inst/lib/gcc/aarch64-pc-cygwin/15.0.1/../../../../aarch64-pc-cygwin/bin/ld: /root/xc/runtime/winsup/cygwin/fhandler/netdrive.cc:173:(.text+0xe28): undefined reference to `closesocket'
/root/xc/inst/lib/gcc/aarch64-pc-cygwin/15.0.1/../../../../aarch64-pc-cygwin/bin/ld: /root/xc/runtime/winsup/cygwin/fhandler/netdrive.cc:169:(.text+0xe5c): undefined reference to `WSAPoll'
/root/xc/inst/lib/gcc/aarch64-pc-cygwin/15.0.1/../../../../aarch64-pc-cygwin/bin/ld: /root/xc/runtime/winsup/cygwin/fhandler/netdrive.cc:176:(.text+0xe84): undefined reference to `FreeAddrInfoW'
/root/xc/inst/lib/gcc/aarch64-pc-cygwin/15.0.1/../../../../aarch64-pc-cygwin/bin/ld: libdll.a(netdrive.o): in function `create_thread_and_wait':
/root/xc/runtime/winsup/cygwin/fhandler/netdrive.cc:517:(.text+0x1044): undefined reference to `WNetGetProviderNameW'
/root/xc/inst/lib/gcc/aarch64-pc-cygwin/15.0.1/../../../../aarch64-pc-cygwin/bin/ld: /root/xc/runtime/winsup/cygwin/fhandler/netdrive.cc:506:(.text+0x1130): undefined reference to `WNetGetProviderNameW'
/root/xc/inst/lib/gcc/aarch64-pc-cygwin/15.0.1/../../../../aarch64-pc-cygwin/bin/ld: libdll.a(random.o): in function `_ZN19fhandler_dev_random4readEPvRm':
/root/xc/runtime/winsup/cygwin/fhandler/random.cc:130:(.text+0x98): undefined reference to `SystemFunction036'
/root/xc/inst/lib/gcc/aarch64-pc-cygwin/15.0.1/../../../../aarch64-pc-cygwin/bin/ld: /root/xc/runtime/winsup/cygwin/fhandler/random.cc:119:(.text+0x1ec): undefined reference to `SystemFunction036'
/root/xc/inst/lib/gcc/aarch64-pc-cygwin/15.0.1/../../../../aarch64-pc-cygwin/bin/ld: /root/xc/runtime/winsup/cygwin/fhandler/random.cc:118:(.text+0x210): undefined reference to `SystemFunction036'
/root/xc/inst/lib/gcc/aarch64-pc-cygwin/15.0.1/../../../../aarch64-pc-cygwin/bin/ld: libdll.a(random.o): in function `_ZN19fhandler_dev_random5writeEPKvm':
/root/xc/runtime/winsup/cygwin/fhandler/random.cc:59:(.text+0x368): undefined reference to `SystemFunction036'
/root/xc/inst/lib/gcc/aarch64-pc-cygwin/15.0.1/../../../../aarch64-pc-cygwin/bin/ld: libdll.a(registry.o): in function `fetch_hkey':
/root/xc/runtime/winsup/cygwin/fhandler/registry.cc:86:(.text+0x78): undefined reference to `RegOpenUserClassesRoot'
/root/xc/inst/lib/gcc/aarch64-pc-cygwin/15.0.1/../../../../aarch64-pc-cygwin/bin/ld: /root/xc/runtime/winsup/cygwin/fhandler/registry.cc:98:(.text+0xb0): undefined reference to `RegOpenKeyExW'
/root/xc/inst/lib/gcc/aarch64-pc-cygwin/15.0.1/../../../../aarch64-pc-cygwin/bin/ld: /root/xc/runtime/winsup/cygwin/fhandler/registry.cc:93:(.text+0xe0): undefined reference to `RegOpenCurrentUser'
/root/xc/inst/lib/gcc/aarch64-pc-cygwin/15.0.1/../../../../aarch64-pc-cygwin/bin/ld: libdll.a(registry.o): in function `_ZN17fhandler_registry9rewinddirEP5__DIR':
/root/xc/runtime/winsup/cygwin/fhandler/registry.cc:731:(.text+0x2c8): undefined reference to `RegCloseKey'
/root/xc/inst/lib/gcc/aarch64-pc-cygwin/15.0.1/../../../../aarch64-pc-cygwin/bin/ld: libdll.a(registry.o): in function `_ZN17fhandler_registry8closedirEP5__DIR':
/root/xc/runtime/winsup/cygwin/fhandler/registry.cc:745:(.text+0x32c): undefined reference to `RegCloseKey'
/root/xc/inst/lib/gcc/aarch64-pc-cygwin/15.0.1/../../../../aarch64-pc-cygwin/bin/ld: /root/xc/runtime/winsup/cygwin/fhandler/registry.cc:745:(.text+0x3bc): undefined reference to `RegCloseKey'
/root/xc/inst/lib/gcc/aarch64-pc-cygwin/15.0.1/../../../../aarch64-pc-cygwin/bin/ld: libdll.a(registry.o): in function `_ZN17fhandler_registry5closeEi':
/root/xc/runtime/winsup/cygwin/fhandler/registry.cc:909:(.text+0x768): undefined reference to `RegCloseKey'
/root/xc/inst/lib/gcc/aarch64-pc-cygwin/15.0.1/../../../../aarch64-pc-cygwin/bin/ld: libdll.a(registry.o): in function `_ZN17fhandler_registry9rewinddirEP5__DIR':
/root/xc/runtime/winsup/cygwin/fhandler/registry.cc:731:(.text+0x91c): undefined reference to `RegCloseKey'
/root/xc/inst/lib/gcc/aarch64-pc-cygwin/15.0.1/../../../../aarch64-pc-cygwin/bin/ld: libdll.a(registry.o): in function `open_key':
/root/xc/runtime/winsup/cygwin/fhandler/registry.cc:1068:(.text+0xaa8): undefined reference to `RegOpenKeyExW'
/root/xc/inst/lib/gcc/aarch64-pc-cygwin/15.0.1/../../../../aarch64-pc-cygwin/bin/ld: /root/xc/runtime/winsup/cygwin/fhandler/registry.cc:1076:(.text+0xae0): undefined reference to `RegCloseKey'
/root/xc/inst/lib/gcc/aarch64-pc-cygwin/15.0.1/../../../../aarch64-pc-cygwin/bin/ld: /root/xc/runtime/winsup/cygwin/fhandler/registry.cc:1071:(.text+0xb54): undefined reference to `RegCreateKeyExW'
/root/xc/inst/lib/gcc/aarch64-pc-cygwin/15.0.1/../../../../aarch64-pc-cygwin/bin/ld: /root/xc/runtime/winsup/cygwin/fhandler/registry.cc:1058:(.text+0xc4c): undefined reference to `RegCloseKey'
/root/xc/inst/lib/gcc/aarch64-pc-cygwin/15.0.1/../../../../aarch64-pc-cygwin/bin/ld: libdll.a(registry.o): in function `_ZN17fhandler_registry6existsEv':
/root/xc/runtime/winsup/cygwin/fhandler/registry.cc:438:(.text+0xe20): undefined reference to `RegCloseKey'
/root/xc/inst/lib/gcc/aarch64-pc-cygwin/15.0.1/../../../../aarch64-pc-cygwin/bin/ld: /root/xc/runtime/winsup/cygwin/fhandler/registry.cc:397:(.text+0xf20): undefined reference to `RegEnumKeyExW'
/root/xc/inst/lib/gcc/aarch64-pc-cygwin/15.0.1/../../../../aarch64-pc-cygwin/bin/ld: /root/xc/runtime/winsup/cygwin/fhandler/registry.cc:418:(.text+0x1030): undefined reference to `RegEnumValueW'
/root/xc/inst/lib/gcc/aarch64-pc-cygwin/15.0.1/../../../../aarch64-pc-cygwin/bin/ld: libdll.a(registry.o): in function `_ZN17fhandler_registry7readdirEP5__DIRP6dirent':
/root/xc/runtime/winsup/cygwin/fhandler/registry.cc:648:(.text+0x1208): undefined reference to `RegEnumKeyExW'
/root/xc/inst/lib/gcc/aarch64-pc-cygwin/15.0.1/../../../../aarch64-pc-cygwin/bin/ld: /root/xc/runtime/winsup/cygwin/fhandler/registry.cc:643:(.text+0x1308): undefined reference to `RegEnumValueW'
/root/xc/inst/lib/gcc/aarch64-pc-cygwin/15.0.1/../../../../aarch64-pc-cygwin/bin/ld: /root/xc/runtime/winsup/cygwin/fhandler/registry.cc:662:(.text+0x1330): undefined reference to `RegCloseKey'
/root/xc/inst/lib/gcc/aarch64-pc-cygwin/15.0.1/../../../../aarch64-pc-cygwin/bin/ld: libdll.a(registry.o): in function `key_exists':
/root/xc/runtime/winsup/cygwin/fhandler/registry.cc:271:(.text+0x1398): undefined reference to `RegOpenKeyExW'
/root/xc/inst/lib/gcc/aarch64-pc-cygwin/15.0.1/../../../../aarch64-pc-cygwin/bin/ld: /root/xc/runtime/winsup/cygwin/fhandler/registry.cc:273:(.text+0x13b0): undefined reference to `RegCloseKey'
/root/xc/inst/lib/gcc/aarch64-pc-cygwin/15.0.1/../../../../aarch64-pc-cygwin/bin/ld: libdll.a(registry.o): in function `_ZN17fhandler_registry7readdirEP5__DIRP6dirent':
/root/xc/runtime/winsup/cygwin/fhandler/registry.cc:662:(.text+0x1608): undefined reference to `RegCloseKey'
/root/xc/inst/lib/gcc/aarch64-pc-cygwin/15.0.1/../../../../aarch64-pc-cygwin/bin/ld: /root/xc/runtime/winsup/cygwin/fhandler/registry.cc:662:(.text+0x1624): undefined reference to `RegCloseKey'
/root/xc/inst/lib/gcc/aarch64-pc-cygwin/15.0.1/../../../../aarch64-pc-cygwin/bin/ld: /root/xc/runtime/winsup/cygwin/fhandler/registry.cc:662:(.text+0x1688): undefined reference to `RegCloseKey'
/root/xc/inst/lib/gcc/aarch64-pc-cygwin/15.0.1/../../../../aarch64-pc-cygwin/bin/ld: libdll.a(registry.o): in function `_ZN17fhandler_registry12fill_filebufEv':
/root/xc/runtime/winsup/cygwin/fhandler/registry.cc:933:(.text+0x16f8): undefined reference to `RegQueryValueExW'
/root/xc/inst/lib/gcc/aarch64-pc-cygwin/15.0.1/../../../../aarch64-pc-cygwin/bin/ld: /root/xc/runtime/winsup/cygwin/fhandler/registry.cc:1007:(.text+0x1760): undefined reference to `RegEnumKeyExW'
/root/xc/inst/lib/gcc/aarch64-pc-cygwin/15.0.1/../../../../aarch64-pc-cygwin/bin/ld: /root/xc/runtime/winsup/cygwin/fhandler/registry.cc:988:(.text+0x1804): undefined reference to `RegQueryValueExW'
/root/xc/inst/lib/gcc/aarch64-pc-cygwin/15.0.1/../../../../aarch64-pc-cygwin/bin/ld: /root/xc/runtime/winsup/cygwin/fhandler/registry.cc:999:(.text+0x1840): undefined reference to `RegCloseKey'
/root/xc/inst/lib/gcc/aarch64-pc-cygwin/15.0.1/../../../../aarch64-pc-cygwin/bin/ld: /root/xc/runtime/winsup/cygwin/fhandler/registry.cc:955:(.text+0x1890): undefined reference to `RegQueryValueExW'
/root/xc/inst/lib/gcc/aarch64-pc-cygwin/15.0.1/../../../../aarch64-pc-cygwin/bin/ld: libdll.a(registry.o): in function `_ZN17fhandler_registry5fstatEP4stat':
/root/xc/runtime/winsup/cygwin/fhandler/registry.cc:506:(.text+0x1bf0): undefined reference to `RegQueryInfoKeyW'
/root/xc/inst/lib/gcc/aarch64-pc-cygwin/15.0.1/../../../../aarch64-pc-cygwin/bin/ld: /root/xc/runtime/winsup/cygwin/fhandler/registry.cc:566:(.text+0x1bfc): undefined reference to `RegCloseKey'
/root/xc/inst/lib/gcc/aarch64-pc-cygwin/15.0.1/../../../../aarch64-pc-cygwin/bin/ld: /root/xc/runtime/winsup/cygwin/fhandler/registry.cc:527:(.text+0x1dec): undefined reference to `RegQueryValueExW'
/root/xc/inst/lib/gcc/aarch64-pc-cygwin/15.0.1/../../../../aarch64-pc-cygwin/bin/ld: /root/xc/runtime/winsup/cygwin/fhandler/registry.cc:534:(.text+0x1e48): undefined reference to `RegQueryValueExW'
/root/xc/inst/lib/gcc/aarch64-pc-cygwin/15.0.1/../../../../aarch64-pc-cygwin/bin/ld: libdll.a(registry.o): in function `_ZN17fhandler_registry4openEij':
/root/xc/runtime/winsup/cygwin/fhandler/registry.cc:880:(.text+0x22a4): undefined reference to `RegCloseKey'
/root/xc/inst/lib/gcc/aarch64-pc-cygwin/15.0.1/../../../../aarch64-pc-cygwin/bin/ld: libdll.a(socket_inet.o): in function `_ZN21fhandler_socket_wsock8shutdownEi':
/root/xc/runtime/winsup/cygwin/fhandler/socket_inet.cc:1006:(.text+0x64c): undefined reference to `shutdown'
/root/xc/inst/lib/gcc/aarch64-pc-cygwin/15.0.1/../../../../aarch64-pc-cygwin/bin/ld: /root/xc/runtime/winsup/cygwin/fhandler/socket_inet.cc:1006:(.text+0x6e8): undefined reference to `shutdown'
/root/xc/inst/lib/gcc/aarch64-pc-cygwin/15.0.1/../../../../aarch64-pc-cygwin/bin/ld: /root/xc/runtime/winsup/cygwin/fhandler/socket_inet.cc:1016:(.text+0x6f8): undefined reference to `WSAGetLastError'
/root/xc/inst/lib/gcc/aarch64-pc-cygwin/15.0.1/../../../../aarch64-pc-cygwin/bin/ld: libdll.a(socket_inet.o): in function `_ZN20fhandler_socket_inet11getpeernameEP8sockaddrPi':
/root/xc/runtime/winsup/cygwin/fhandler/socket_inet.cc:992:(.text+0x78c): undefined reference to `getpeername'
/root/xc/inst/lib/gcc/aarch64-pc-cygwin/15.0.1/../../../../aarch64-pc-cygwin/bin/ld: /root/xc/runtime/winsup/cygwin/fhandler/socket_inet.cc:992:(.text+0x818): undefined reference to `getpeername'
/root/xc/inst/lib/gcc/aarch64-pc-cygwin/15.0.1/../../../../aarch64-pc-cygwin/bin/ld: libdll.a(socket_inet.o): in function `_ZN20fhandler_socket_inet11getsocknameEP8sockaddrPi':
/root/xc/runtime/winsup/cygwin/fhandler/socket_inet.cc:942:(.text+0x880): undefined reference to `getsockname'
/root/xc/inst/lib/gcc/aarch64-pc-cygwin/15.0.1/../../../../aarch64-pc-cygwin/bin/ld: /root/xc/runtime/winsup/cygwin/fhandler/socket_inet.cc:942:(.text+0x8dc): undefined reference to `getsockname'
/root/xc/inst/lib/gcc/aarch64-pc-cygwin/15.0.1/../../../../aarch64-pc-cygwin/bin/ld: /root/xc/runtime/winsup/cygwin/fhandler/socket_inet.cc:950:(.text+0x8ec): undefined reference to `WSAGetLastError'
/root/xc/inst/lib/gcc/aarch64-pc-cygwin/15.0.1/../../../../aarch64-pc-cygwin/bin/ld: /root/xc/runtime/winsup/cygwin/fhandler/socket_inet.cc:969:(.text+0x964): undefined reference to `WSASetLastError'
/root/xc/inst/lib/gcc/aarch64-pc-cygwin/15.0.1/../../../../aarch64-pc-cygwin/bin/ld: libdll.a(socket_inet.o): in function `_ZN20fhandler_socket_inet6listenEi':
/root/xc/runtime/winsup/cygwin/fhandler/socket_inet.cc:839:(.text+0x9bc): undefined reference to `listen'
/root/xc/inst/lib/gcc/aarch64-pc-cygwin/15.0.1/../../../../aarch64-pc-cygwin/bin/ld: /root/xc/runtime/winsup/cygwin/fhandler/socket_inet.cc:839:(.text+0x9f8): undefined reference to `listen'
/root/xc/inst/lib/gcc/aarch64-pc-cygwin/15.0.1/../../../../aarch64-pc-cygwin/bin/ld: /root/xc/runtime/winsup/cygwin/fhandler/socket_inet.cc:840:(.text+0xa08): undefined reference to `WSAGetLastError'
/root/xc/inst/lib/gcc/aarch64-pc-cygwin/15.0.1/../../../../aarch64-pc-cygwin/bin/ld: /root/xc/runtime/winsup/cygwin/fhandler/socket_inet.cc:861:(.text+0xa98): undefined reference to `bind'
/root/xc/inst/lib/gcc/aarch64-pc-cygwin/15.0.1/../../../../aarch64-pc-cygwin/bin/ld: /root/xc/runtime/winsup/cygwin/fhandler/socket_inet.cc:862:(.text+0xac0): undefined reference to `listen'
/root/xc/inst/lib/gcc/aarch64-pc-cygwin/15.0.1/../../../../aarch64-pc-cygwin/bin/ld: libdll.a(socket_inet.o): in function `_ZN20fhandler_socket_inet4bindEPK8sockaddri':
/root/xc/runtime/winsup/cygwin/fhandler/socket_inet.cc:746:(.text+0xb8c): undefined reference to `setsockopt'
/root/xc/inst/lib/gcc/aarch64-pc-cygwin/15.0.1/../../../../aarch64-pc-cygwin/bin/ld: /root/xc/runtime/winsup/cygwin/fhandler/socket_inet.cc:751:(.text+0xbc4): undefined reference to `bind'
/root/xc/inst/lib/gcc/aarch64-pc-cygwin/15.0.1/../../../../aarch64-pc-cygwin/bin/ld: /root/xc/runtime/winsup/cygwin/fhandler/socket_inet.cc:751:(.text+0xc04): undefined reference to `bind'
/root/xc/inst/lib/gcc/aarch64-pc-cygwin/15.0.1/../../../../aarch64-pc-cygwin/bin/ld: /root/xc/runtime/winsup/cygwin/fhandler/socket_inet.cc:746:(.text+0xc44): undefined reference to `setsockopt'
/root/xc/inst/lib/gcc/aarch64-pc-cygwin/15.0.1/../../../../aarch64-pc-cygwin/bin/ld: libdll.a(socket_inet.o): in function `_ZN21fhandler_socket_wsock22fixup_before_fork_execEj':
/root/xc/runtime/winsup/cygwin/fhandler/socket_inet.cc:495:(.text+0xccc): undefined reference to `WSADuplicateSocketW'
/root/xc/inst/lib/gcc/aarch64-pc-cygwin/15.0.1/../../../../aarch64-pc-cygwin/bin/ld: /root/xc/runtime/winsup/cygwin/fhandler/socket_inet.cc:495:(.text+0xd44): undefined reference to `WSADuplicateSocketW'
/root/xc/inst/lib/gcc/aarch64-pc-cygwin/15.0.1/../../../../aarch64-pc-cygwin/bin/ld: libdll.a(socket_inet.o): in function `_ZN21fhandler_socket_wsock16fixup_after_forkEPv':
/root/xc/runtime/winsup/cygwin/fhandler/socket_inet.cc:515:(.text+0x10a0): undefined reference to `WSASocketW'
/root/xc/inst/lib/gcc/aarch64-pc-cygwin/15.0.1/../../../../aarch64-pc-cygwin/bin/ld: libdll.a(socket_inet.o): in function `_ZN21fhandler_socket_wsock5closeEi':
/root/xc/runtime/winsup/cygwin/fhandler/socket_inet.cc:1063:(.text+0x1800): undefined reference to `closesocket'
/root/xc/inst/lib/gcc/aarch64-pc-cygwin/15.0.1/../../../../aarch64-pc-cygwin/bin/ld: /root/xc/runtime/winsup/cygwin/fhandler/socket_inet.cc:1065:(.text+0x1808): undefined reference to `WSAGetLastError'
/root/xc/inst/lib/gcc/aarch64-pc-cygwin/15.0.1/../../../../aarch64-pc-cygwin/bin/ld: /root/xc/runtime/winsup/cygwin/fhandler/socket_inet.cc:1077:(.text+0x1834): undefined reference to `WSASetLastError'
/root/xc/inst/lib/gcc/aarch64-pc-cygwin/15.0.1/../../../../aarch64-pc-cygwin/bin/ld: /root/xc/runtime/winsup/cygwin/fhandler/socket_inet.cc:1063:(.text+0x1854): undefined reference to `closesocket'
/root/xc/inst/lib/gcc/aarch64-pc-cygwin/15.0.1/../../../../aarch64-pc-cygwin/bin/ld: libdll.a(socket_inet.o): in function `_ZN20fhandler_socket_inet10getsockoptEiiPKvPi':
/root/xc/runtime/winsup/cygwin/fhandler/socket_inet.cc:2246:(.text+0x1a54): undefined reference to `getsockopt'
/root/xc/inst/lib/gcc/aarch64-pc-cygwin/15.0.1/../../../../aarch64-pc-cygwin/bin/ld: libdll.a(socket_inet.o): in function `_ZN21fhandler_socket_wsock11init_eventsEv':
/root/xc/runtime/winsup/cygwin/fhandler/socket_inet.cc:241:(.text+0x2040): undefined reference to `WSAEventSelect'
/root/xc/inst/lib/gcc/aarch64-pc-cygwin/15.0.1/../../../../aarch64-pc-cygwin/bin/ld: /root/xc/runtime/winsup/cygwin/fhandler/socket_inet.cc:241:(.text+0x217c): undefined reference to `WSAEventSelect'
/root/xc/inst/lib/gcc/aarch64-pc-cygwin/15.0.1/../../../../aarch64-pc-cygwin/bin/ld: libdll.a(socket_inet.o): in function `_ZN21fhandler_socket_wsock15evaluate_eventsElRlb':
/root/xc/runtime/winsup/cygwin/fhandler/socket_inet.cc:269:(.text+0x2308): undefined reference to `WSAEnumNetworkEvents'
/root/xc/inst/lib/gcc/aarch64-pc-cygwin/15.0.1/../../../../aarch64-pc-cygwin/bin/ld: /root/xc/runtime/winsup/cygwin/fhandler/socket_inet.cc:269:(.text+0x238c): undefined reference to `WSAEnumNetworkEvents'
/root/xc/inst/lib/gcc/aarch64-pc-cygwin/15.0.1/../../../../aarch64-pc-cygwin/bin/ld: /root/xc/runtime/winsup/cygwin/fhandler/socket_inet.cc:334:(.text+0x24a4): undefined reference to `setsockopt'
/root/xc/inst/lib/gcc/aarch64-pc-cygwin/15.0.1/../../../../aarch64-pc-cygwin/bin/ld: /root/xc/runtime/winsup/cygwin/fhandler/socket_inet.cc:336:(.text+0x24ac): undefined reference to `WSASetLastError'
/root/xc/inst/lib/gcc/aarch64-pc-cygwin/15.0.1/../../../../aarch64-pc-cygwin/bin/ld: /root/xc/runtime/winsup/cygwin/fhandler/socket_inet.cc:364:(.text+0x2500): undefined reference to `WSASetLastError'
/root/xc/inst/lib/gcc/aarch64-pc-cygwin/15.0.1/../../../../aarch64-pc-cygwin/bin/ld: /root/xc/runtime/winsup/cygwin/fhandler/socket_inet.cc:352:(.text+0x254c): undefined reference to `WSASetLastError'
/root/xc/inst/lib/gcc/aarch64-pc-cygwin/15.0.1/../../../../aarch64-pc-cygwin/bin/ld: /root/xc/runtime/winsup/cygwin/fhandler/socket_inet.cc:369:(.text+0x255c): undefined reference to `WSASetLastError'
/root/xc/inst/lib/gcc/aarch64-pc-cygwin/15.0.1/../../../../aarch64-pc-cygwin/bin/ld: /root/xc/runtime/winsup/cygwin/fhandler/socket_inet.cc:299:(.text+0x25d0): undefined reference to `WSAGetLastError'
/root/xc/inst/lib/gcc/aarch64-pc-cygwin/15.0.1/../../../../aarch64-pc-cygwin/bin/ld: libdll.a(socket_inet.o): in function `_ZN21fhandler_socket_wsock15wait_for_eventsElj':
/root/xc/runtime/winsup/cygwin/fhandler/socket_inet.cc:420:(.text+0x26d0): undefined reference to `WSAWaitForMultipleEvents'
/root/xc/inst/lib/gcc/aarch64-pc-cygwin/15.0.1/../../../../aarch64-pc-cygwin/bin/ld: /root/xc/runtime/winsup/cygwin/fhandler/socket_inet.cc:441:(.text+0x278c): undefined reference to `WSAGetLastError'
/root/xc/inst/lib/gcc/aarch64-pc-cygwin/15.0.1/../../../../aarch64-pc-cygwin/bin/ld: /root/xc/runtime/winsup/cygwin/fhandler/socket_inet.cc:442:(.text+0x279c): undefined reference to `WSASetLastError'
/root/xc/inst/lib/gcc/aarch64-pc-cygwin/15.0.1/../../../../aarch64-pc-cygwin/bin/ld: /root/xc/runtime/winsup/cygwin/fhandler/socket_inet.cc:431:(.text+0x27c0): undefined reference to `WSASetLastError'
/root/xc/inst/lib/gcc/aarch64-pc-cygwin/15.0.1/../../../../aarch64-pc-cygwin/bin/ld: /root/xc/runtime/winsup/cygwin/fhandler/socket_inet.cc:444:(.text+0x27d8): undefined reference to `WSASetLastError'
/root/xc/inst/lib/gcc/aarch64-pc-cygwin/15.0.1/../../../../aarch64-pc-cygwin/bin/ld: /root/xc/runtime/winsup/cygwin/fhandler/socket_inet.cc:414:(.text+0x2804): undefined reference to `WSASetLastError'
/root/xc/inst/lib/gcc/aarch64-pc-cygwin/15.0.1/../../../../aarch64-pc-cygwin/bin/ld: libdll.a(socket_inet.o): in function `_ZN20fhandler_socket_inet7connectEPK8sockaddri':
/root/xc/runtime/winsup/cygwin/fhandler/socket_inet.cc:796:(.text+0x28c8): undefined reference to `connect'
/root/xc/inst/lib/gcc/aarch64-pc-cygwin/15.0.1/../../../../aarch64-pc-cygwin/bin/ld: /root/xc/runtime/winsup/cygwin/fhandler/socket_inet.cc:796:(.text+0x2930): undefined reference to `connect'
/root/xc/inst/lib/gcc/aarch64-pc-cygwin/15.0.1/../../../../aarch64-pc-cygwin/bin/ld: /root/xc/runtime/winsup/cygwin/fhandler/socket_inet.cc:811:(.text+0x2958): undefined reference to `WSAGetLastError'
/root/xc/inst/lib/gcc/aarch64-pc-cygwin/15.0.1/../../../../aarch64-pc-cygwin/bin/ld: /root/xc/runtime/winsup/cygwin/fhandler/socket_inet.cc:806:(.text+0x2a50): undefined reference to `WSAGetLastError'
/root/xc/inst/lib/gcc/aarch64-pc-cygwin/15.0.1/../../../../aarch64-pc-cygwin/bin/ld: /root/xc/runtime/winsup/cygwin/fhandler/socket_inet.cc:822:(.text+0x2a90): undefined reference to `WSASetLastError'
/root/xc/inst/lib/gcc/aarch64-pc-cygwin/15.0.1/../../../../aarch64-pc-cygwin/bin/ld: /root/xc/runtime/winsup/cygwin/fhandler/socket_inet.cc:826:(.text+0x2a9c): undefined reference to `WSASetLastError'
/root/xc/inst/lib/gcc/aarch64-pc-cygwin/15.0.1/../../../../aarch64-pc-cygwin/bin/ld: libdll.a(socket_inet.o): in function `_ZN20fhandler_socket_inet13recv_internalEP7_WSAMSGb':
/root/xc/runtime/winsup/cygwin/fhandler/socket_inet.cc:1234:(.text+0x2bfc): undefined reference to `WSAGetLastError'
/root/xc/inst/lib/gcc/aarch64-pc-cygwin/15.0.1/../../../../aarch64-pc-cygwin/bin/ld: /root/xc/runtime/winsup/cygwin/fhandler/socket_inet.cc:1242:(.text+0x2c0c): undefined reference to `WSAGetLastError'
/root/xc/inst/lib/gcc/aarch64-pc-cygwin/15.0.1/../../../../aarch64-pc-cygwin/bin/ld: /root/xc/runtime/winsup/cygwin/fhandler/socket_inet.cc:1208:(.text+0x2cf8): undefined reference to `WSARecvFrom'
/root/xc/inst/lib/gcc/aarch64-pc-cygwin/15.0.1/../../../../aarch64-pc-cygwin/bin/ld: /root/xc/runtime/winsup/cygwin/fhandler/socket_inet.cc:1205:(.text+0x2da4): undefined reference to `WSARecv'
/root/xc/inst/lib/gcc/aarch64-pc-cygwin/15.0.1/../../../../aarch64-pc-cygwin/bin/ld: /root/xc/runtime/winsup/cygwin/fhandler/socket_inet.cc:1143:(.text+0x2e40): undefined reference to `ioctlsocket'
/root/xc/inst/lib/gcc/aarch64-pc-cygwin/15.0.1/../../../../aarch64-pc-cygwin/bin/ld: libdll.a(socket_inet.o): in function `_Z15get_ext_funcptryPv':
/root/xc/runtime/winsup/cygwin/fhandler/socket_inet.cc:180:(.text+0x2f00): undefined reference to `WSAIoctl'
/root/xc/inst/lib/gcc/aarch64-pc-cygwin/15.0.1/../../../../aarch64-pc-cygwin/bin/ld: libdll.a(socket_inet.o): in function `_ZN20fhandler_socket_inet13recv_internalEP7_WSAMSGb':
/root/xc/runtime/winsup/cygwin/fhandler/socket_inet.cc:1248:(.text+0x2f28): undefined reference to `WSAGetLastError'
/root/xc/inst/lib/gcc/aarch64-pc-cygwin/15.0.1/../../../../aarch64-pc-cygwin/bin/ld: /root/xc/runtime/winsup/cygwin/fhandler/socket_inet.cc:1122:(.text+0x2fa0): undefined reference to `WSASetLastError'
/root/xc/inst/lib/gcc/aarch64-pc-cygwin/15.0.1/../../../../aarch64-pc-cygwin/bin/ld: libdll.a(socket_inet.o): in function `_ZN21fhandler_socket_wsock17set_socket_handleEyiii':
/root/xc/runtime/winsup/cygwin/fhandler/socket_inet.cc:626:(.text+0x316c): undefined reference to `WSAIoctl'
/root/xc/inst/lib/gcc/aarch64-pc-cygwin/15.0.1/../../../../aarch64-pc-cygwin/bin/ld: /root/xc/runtime/winsup/cygwin/fhandler/socket_inet.cc:676:(.text+0x32e8): undefined reference to `WSAIoctl'
/root/xc/inst/lib/gcc/aarch64-pc-cygwin/15.0.1/../../../../aarch64-pc-cygwin/bin/ld: /root/xc/runtime/winsup/cygwin/fhandler/socket_inet.cc:678:(.text+0x3300): undefined reference to `WSAGetLastError'
/root/xc/inst/lib/gcc/aarch64-pc-cygwin/15.0.1/../../../../aarch64-pc-cygwin/bin/ld: /root/xc/runtime/winsup/cygwin/fhandler/socket_inet.cc:629:(.text+0x340c): undefined reference to `WSAGetLastError'
/root/xc/inst/lib/gcc/aarch64-pc-cygwin/15.0.1/../../../../aarch64-pc-cygwin/bin/ld: /root/xc/runtime/winsup/cygwin/fhandler/socket_inet.cc:641:(.text+0x3440): undefined reference to `closesocket'
/root/xc/inst/lib/gcc/aarch64-pc-cygwin/15.0.1/../../../../aarch64-pc-cygwin/bin/ld: libdll.a(socket_inet.o): in function `_ZN20fhandler_socket_inet6socketEiiii':
/root/xc/runtime/winsup/cygwin/fhandler/socket_inet.cc:714:(.text+0x3490): undefined reference to `socket'
/root/xc/inst/lib/gcc/aarch64-pc-cygwin/15.0.1/../../../../aarch64-pc-cygwin/bin/ld: /root/xc/runtime/winsup/cygwin/fhandler/socket_inet.cc:722:(.text+0x34d8): undefined reference to `closesocket'
/root/xc/inst/lib/gcc/aarch64-pc-cygwin/15.0.1/../../../../aarch64-pc-cygwin/bin/ld: libdll.a(socket_inet.o): in function `_ZN20fhandler_socket_inet7accept4EP8sockaddrPii':
/root/xc/runtime/winsup/cygwin/fhandler/socket_inet.cc:891:(.text+0x35e8): undefined reference to `accept'
/root/xc/inst/lib/gcc/aarch64-pc-cygwin/15.0.1/../../../../aarch64-pc-cygwin/bin/ld: /root/xc/runtime/winsup/cygwin/fhandler/socket_inet.cc:891:(.text+0x3748): undefined reference to `accept'
/root/xc/inst/lib/gcc/aarch64-pc-cygwin/15.0.1/../../../../aarch64-pc-cygwin/bin/ld: /root/xc/runtime/winsup/cygwin/fhandler/socket_inet.cc:893:(.text+0x3758): undefined reference to `WSAGetLastError'
/root/xc/inst/lib/gcc/aarch64-pc-cygwin/15.0.1/../../../../aarch64-pc-cygwin/bin/ld: /root/xc/runtime/winsup/cygwin/fhandler/socket_inet.cc:928:(.text+0x37d0): undefined reference to `closesocket'
/root/xc/inst/lib/gcc/aarch64-pc-cygwin/15.0.1/../../../../aarch64-pc-cygwin/bin/ld: /root/xc/runtime/winsup/cygwin/fhandler/socket_inet.cc:928:(.text+0x3844): undefined reference to `closesocket'
/root/xc/inst/lib/gcc/aarch64-pc-cygwin/15.0.1/../../../../aarch64-pc-cygwin/bin/ld: /root/xc/runtime/winsup/cygwin/fhandler/socket_inet.cc:884:(.text+0x38d8): undefined reference to `WSASetLastError'
/root/xc/inst/lib/gcc/aarch64-pc-cygwin/15.0.1/../../../../aarch64-pc-cygwin/bin/ld: libdll.a(socket_inet.o): in function `_ZN21fhandler_socket_wsock13send_internalEP7_WSAMSGi':
/root/xc/runtime/winsup/cygwin/fhandler/socket_inet.cc:1449:(.text+0x3a70): undefined reference to `WSASendMsg'
/root/xc/inst/lib/gcc/aarch64-pc-cygwin/15.0.1/../../../../aarch64-pc-cygwin/bin/ld: /root/xc/runtime/winsup/cygwin/fhandler/socket_inet.cc:1454:(.text+0x3bc0): undefined reference to `WSASendTo'
/root/xc/inst/lib/gcc/aarch64-pc-cygwin/15.0.1/../../../../aarch64-pc-cygwin/bin/ld: /root/xc/runtime/winsup/cygwin/fhandler/socket_inet.cc:1457:(.text+0x3bcc): undefined reference to `WSAGetLastError'
/root/xc/inst/lib/gcc/aarch64-pc-cygwin/15.0.1/../../../../aarch64-pc-cygwin/bin/ld: /root/xc/runtime/winsup/cygwin/fhandler/socket_inet.cc:1464:(.text+0x3bd8): undefined reference to `WSAGetLastError'
/root/xc/inst/lib/gcc/aarch64-pc-cygwin/15.0.1/../../../../aarch64-pc-cygwin/bin/ld: /root/xc/runtime/winsup/cygwin/fhandler/socket_inet.cc:1478:(.text+0x3c18): undefined reference to `WSAGetLastError'
/root/xc/inst/lib/gcc/aarch64-pc-cygwin/15.0.1/../../../../aarch64-pc-cygwin/bin/ld: /root/xc/runtime/winsup/cygwin/fhandler/socket_inet.cc:1451:(.text+0x3c78): undefined reference to `WSASendTo'
/root/xc/inst/lib/gcc/aarch64-pc-cygwin/15.0.1/../../../../aarch64-pc-cygwin/bin/ld: /root/xc/runtime/winsup/cygwin/fhandler/socket_inet.cc:1449:(.text+0x3cd8): undefined reference to `WSASendMsg'
/root/xc/inst/lib/gcc/aarch64-pc-cygwin/15.0.1/../../../../aarch64-pc-cygwin/bin/ld: /root/xc/runtime/winsup/cygwin/fhandler/socket_inet.cc:1454:(.text+0x3d30): undefined reference to `WSASendTo'
/root/xc/inst/lib/gcc/aarch64-pc-cygwin/15.0.1/../../../../aarch64-pc-cygwin/bin/ld: /root/xc/runtime/winsup/cygwin/fhandler/socket_inet.cc:1451:(.text+0x3d68): undefined reference to `WSASendTo'
/root/xc/inst/lib/gcc/aarch64-pc-cygwin/15.0.1/../../../../aarch64-pc-cygwin/bin/ld: libdll.a(socket_inet.o): in function `_ZN20fhandler_socket_inet7sendmsgEPK6msghdri':
/root/xc/runtime/winsup/cygwin/fhandler/socket_inet.cc:1648:(.text+0x4214): undefined reference to `setsockopt'
/root/xc/inst/lib/gcc/aarch64-pc-cygwin/15.0.1/../../../../aarch64-pc-cygwin/bin/ld: /root/xc/runtime/winsup/cygwin/fhandler/socket_inet.cc:1602:(.text+0x4374): undefined reference to `getsockopt'
/root/xc/inst/lib/gcc/aarch64-pc-cygwin/15.0.1/../../../../aarch64-pc-cygwin/bin/ld: /root/xc/runtime/winsup/cygwin/fhandler/socket_inet.cc:1604:(.text+0x43b8): undefined reference to `setsockopt'
/root/xc/inst/lib/gcc/aarch64-pc-cygwin/15.0.1/../../../../aarch64-pc-cygwin/bin/ld: /root/xc/runtime/winsup/cygwin/fhandler/socket_inet.cc:1648:(.text+0x4458): undefined reference to `setsockopt'
/root/xc/inst/lib/gcc/aarch64-pc-cygwin/15.0.1/../../../../aarch64-pc-cygwin/bin/ld: libdll.a(socket_inet.o): in function `_ZN20fhandler_socket_inet13set_keepaliveEiii':
/root/xc/runtime/winsup/cygwin/fhandler/socket_inet.cc:1720:(.text+0x47d4): undefined reference to `getsockopt'
/root/xc/inst/lib/gcc/aarch64-pc-cygwin/15.0.1/../../../../aarch64-pc-cygwin/bin/ld: /root/xc/runtime/winsup/cygwin/fhandler/socket_inet.cc:1737:(.text+0x4838): undefined reference to `WSAIoctl'
/root/xc/inst/lib/gcc/aarch64-pc-cygwin/15.0.1/../../../../aarch64-pc-cygwin/bin/ld: /root/xc/runtime/winsup/cygwin/fhandler/socket_inet.cc:1745:(.text+0x4874): undefined reference to `setsockopt'
/root/xc/inst/lib/gcc/aarch64-pc-cygwin/15.0.1/../../../../aarch64-pc-cygwin/bin/ld: /root/xc/runtime/winsup/cygwin/fhandler/socket_inet.cc:1720:(.text+0x48bc): undefined reference to `getsockopt'
/root/xc/inst/lib/gcc/aarch64-pc-cygwin/15.0.1/../../../../aarch64-pc-cygwin/bin/ld: /root/xc/runtime/winsup/cygwin/fhandler/socket_inet.cc:1723:(.text+0x48d4): undefined reference to `WSAGetLastError'
/root/xc/inst/lib/gcc/aarch64-pc-cygwin/15.0.1/../../../../aarch64-pc-cygwin/bin/ld: /root/xc/runtime/winsup/cygwin/fhandler/socket_inet.cc:1737:(.text+0x4930): undefined reference to `WSAIoctl'
/root/xc/inst/lib/gcc/aarch64-pc-cygwin/15.0.1/../../../../aarch64-pc-cygwin/bin/ld: /root/xc/runtime/winsup/cygwin/fhandler/socket_inet.cc:1748:(.text+0x4964): undefined reference to `WSAGetLastError'
/root/xc/inst/lib/gcc/aarch64-pc-cygwin/15.0.1/../../../../aarch64-pc-cygwin/bin/ld: libdll.a(socket_inet.o): in function `_ZN20fhandler_socket_inet10setsockoptEiiPKvi':
/root/xc/runtime/winsup/cygwin/fhandler/socket_inet.cc:2041:(.text+0x4b00): undefined reference to `setsockopt'
/root/xc/inst/lib/gcc/aarch64-pc-cygwin/15.0.1/../../../../aarch64-pc-cygwin/bin/ld: /root/xc/runtime/winsup/cygwin/fhandler/socket_inet.cc:1902:(.text+0x4c3c): undefined reference to `WSAIoctl'
/root/xc/inst/lib/gcc/aarch64-pc-cygwin/15.0.1/../../../../aarch64-pc-cygwin/bin/ld: libdll.a(socket_inet.o): in function `_ZN21fhandler_socket_wsock5ioctlEjPv':
/root/xc/runtime/winsup/cygwin/fhandler/socket_inet.cc:2365:(.text+0x51f0): undefined reference to `ioctlsocket'
/root/xc/inst/lib/gcc/aarch64-pc-cygwin/15.0.1/../../../../aarch64-pc-cygwin/bin/ld: /root/xc/runtime/winsup/cygwin/fhandler/socket_inet.cc:2353:(.text+0x52f4): undefined reference to `WSAAsyncSelect'
/root/xc/inst/lib/gcc/aarch64-pc-cygwin/15.0.1/../../../../aarch64-pc-cygwin/bin/ld: /root/xc/runtime/winsup/cygwin/fhandler/socket_inet.cc:2360:(.text+0x5390): undefined reference to `WSAEventSelect'
/root/xc/inst/lib/gcc/aarch64-pc-cygwin/15.0.1/../../../../aarch64-pc-cygwin/bin/ld: /root/xc/runtime/winsup/cygwin/fhandler/socket_inet.cc:2384:(.text+0x53d0): undefined reference to `ioctlsocket'
/root/xc/inst/lib/gcc/aarch64-pc-cygwin/15.0.1/../../../../aarch64-pc-cygwin/bin/ld: /root/xc/runtime/winsup/cygwin/fhandler/socket_inet.cc:2365:(.text+0x549c): undefined reference to `ioctlsocket'
/root/xc/inst/lib/gcc/aarch64-pc-cygwin/15.0.1/../../../../aarch64-pc-cygwin/bin/ld: /root/xc/runtime/winsup/cygwin/fhandler/socket_inet.cc:2384:(.text+0x54f8): undefined reference to `ioctlsocket'
/root/xc/inst/lib/gcc/aarch64-pc-cygwin/15.0.1/../../../../aarch64-pc-cygwin/bin/ld: libdll.a(socket_local.o): in function `_ZN21fhandler_socket_local11getpeernameEP8sockaddrPi':
/root/xc/runtime/winsup/cygwin/fhandler/socket_local.cc:1137:(.text+0x218): undefined reference to `getpeername'
/root/xc/inst/lib/gcc/aarch64-pc-cygwin/15.0.1/../../../../aarch64-pc-cygwin/bin/ld: /root/xc/runtime/winsup/cygwin/fhandler/socket_local.cc:1137:(.text+0x264): undefined reference to `getpeername'
/root/xc/inst/lib/gcc/aarch64-pc-cygwin/15.0.1/../../../../aarch64-pc-cygwin/bin/ld: libdll.a(socket_local.o): in function `_ZN21fhandler_socket_local6listenEi':
/root/xc/runtime/winsup/cygwin/fhandler/socket_local.cc:997:(.text+0x3e0): undefined reference to `listen'
/root/xc/inst/lib/gcc/aarch64-pc-cygwin/15.0.1/../../../../aarch64-pc-cygwin/bin/ld: /root/xc/runtime/winsup/cygwin/fhandler/socket_local.cc:997:(.text+0x478): undefined reference to `listen'
/root/xc/inst/lib/gcc/aarch64-pc-cygwin/15.0.1/../../../../aarch64-pc-cygwin/bin/ld: /root/xc/runtime/winsup/cygwin/fhandler/socket_local.cc:998:(.text+0x488): undefined reference to `WSAGetLastError'
/root/xc/inst/lib/gcc/aarch64-pc-cygwin/15.0.1/../../../../aarch64-pc-cygwin/bin/ld: /root/xc/runtime/winsup/cygwin/fhandler/socket_local.cc:1019:(.text+0x518): undefined reference to `bind'
/root/xc/inst/lib/gcc/aarch64-pc-cygwin/15.0.1/../../../../aarch64-pc-cygwin/bin/ld: /root/xc/runtime/winsup/cygwin/fhandler/socket_local.cc:1020:(.text+0x540): undefined reference to `listen'
/root/xc/inst/lib/gcc/aarch64-pc-cygwin/15.0.1/../../../../aarch64-pc-cygwin/bin/ld: libdll.a(socket_local.o): in function `_ZN21fhandler_socket_local10getsockoptEiiPKvPi':
/root/xc/runtime/winsup/cygwin/fhandler/socket_local.cc:1667:(.text+0x728): undefined reference to `getsockopt'
/root/xc/inst/lib/gcc/aarch64-pc-cygwin/15.0.1/../../../../aarch64-pc-cygwin/bin/ld: libdll.a(socket_local.o): in function `_ZN21fhandler_socket_local6socketEiiii':
/root/xc/runtime/winsup/cygwin/fhandler/socket_local.cc:251:(.text+0x9f0): undefined reference to `socket'
/root/xc/inst/lib/gcc/aarch64-pc-cygwin/15.0.1/../../../../aarch64-pc-cygwin/bin/ld: /root/xc/runtime/winsup/cygwin/fhandler/socket_local.cc:259:(.text+0xa38): undefined reference to `closesocket'
/root/xc/inst/lib/gcc/aarch64-pc-cygwin/15.0.1/../../../../aarch64-pc-cygwin/bin/ld: libdll.a(socket_local.o): in function `_ZN21fhandler_socket_local10socketpairEiiiiP15fhandler_socket':
/root/xc/runtime/winsup/cygwin/fhandler/socket_local.cc:286:(.text+0xdec): undefined reference to `socket'
/root/xc/inst/lib/gcc/aarch64-pc-cygwin/15.0.1/../../../../aarch64-pc-cygwin/bin/ld: /root/xc/runtime/winsup/cygwin/fhandler/socket_local.cc:296:(.text+0xe18): undefined reference to `bind'
/root/xc/inst/lib/gcc/aarch64-pc-cygwin/15.0.1/../../../../aarch64-pc-cygwin/bin/ld: /root/xc/runtime/winsup/cygwin/fhandler/socket_local.cc:303:(.text+0xe38): undefined reference to `getsockname'
/root/xc/inst/lib/gcc/aarch64-pc-cygwin/15.0.1/../../../../aarch64-pc-cygwin/bin/ld: /root/xc/runtime/winsup/cygwin/fhandler/socket_local.cc:315:(.text+0xe58): undefined reference to `socket'
/root/xc/inst/lib/gcc/aarch64-pc-cygwin/15.0.1/../../../../aarch64-pc-cygwin/bin/ld: /root/xc/runtime/winsup/cygwin/fhandler/socket_local.cc:327:(.text+0xe74): undefined reference to `bind'
/root/xc/inst/lib/gcc/aarch64-pc-cygwin/15.0.1/../../../../aarch64-pc-cygwin/bin/ld: /root/xc/runtime/winsup/cygwin/fhandler/socket_local.cc:335:(.text+0xe8c): undefined reference to `getsockname'
/root/xc/inst/lib/gcc/aarch64-pc-cygwin/15.0.1/../../../../aarch64-pc-cygwin/bin/ld: /root/xc/runtime/winsup/cygwin/fhandler/socket_local.cc:345:(.text+0xeb0): undefined reference to `connect'
/root/xc/inst/lib/gcc/aarch64-pc-cygwin/15.0.1/../../../../aarch64-pc-cygwin/bin/ld: /root/xc/runtime/winsup/cygwin/fhandler/socket_local.cc:365:(.text+0xec4): undefined reference to `connect'
/root/xc/inst/lib/gcc/aarch64-pc-cygwin/15.0.1/../../../../aarch64-pc-cygwin/bin/ld: /root/xc/runtime/winsup/cygwin/fhandler/socket_local.cc:391:(.text+0xf04): undefined reference to `closesocket'
/root/xc/inst/lib/gcc/aarch64-pc-cygwin/15.0.1/../../../../aarch64-pc-cygwin/bin/ld: /root/xc/runtime/winsup/cygwin/fhandler/socket_local.cc:395:(.text+0xf0c): undefined reference to `closesocket'
/root/xc/inst/lib/gcc/aarch64-pc-cygwin/15.0.1/../../../../aarch64-pc-cygwin/bin/ld: /root/xc/runtime/winsup/cygwin/fhandler/socket_local.cc:309:(.text+0xf30): undefined reference to `listen'
/root/xc/inst/lib/gcc/aarch64-pc-cygwin/15.0.1/../../../../aarch64-pc-cygwin/bin/ld: /root/xc/runtime/winsup/cygwin/fhandler/socket_local.cc:315:(.text+0xf48): undefined reference to `socket'
/root/xc/inst/lib/gcc/aarch64-pc-cygwin/15.0.1/../../../../aarch64-pc-cygwin/bin/ld: /root/xc/runtime/winsup/cygwin/fhandler/socket_local.cc:345:(.text+0xf6c): undefined reference to `connect'
/root/xc/inst/lib/gcc/aarch64-pc-cygwin/15.0.1/../../../../aarch64-pc-cygwin/bin/ld: /root/xc/runtime/winsup/cygwin/fhandler/socket_local.cc:354:(.text+0xf84): undefined reference to `accept'
/root/xc/inst/lib/gcc/aarch64-pc-cygwin/15.0.1/../../../../aarch64-pc-cygwin/bin/ld: /root/xc/runtime/winsup/cygwin/fhandler/socket_local.cc:360:(.text+0xf98): undefined reference to `closesocket'
/root/xc/inst/lib/gcc/aarch64-pc-cygwin/15.0.1/../../../../aarch64-pc-cygwin/bin/ld: /root/xc/runtime/winsup/cygwin/fhandler/socket_local.cc:391:(.text+0x112c): undefined reference to `closesocket'
/root/xc/inst/lib/gcc/aarch64-pc-cygwin/15.0.1/../../../../aarch64-pc-cygwin/bin/ld: libdll.a(socket_local.o): in function `_ZN21fhandler_socket_local13recv_internalEP7_WSAMSGb':
/root/xc/runtime/winsup/cygwin/fhandler/socket_local.cc:1267:(.text+0x132c): undefined reference to `WSAGetLastError'
/root/xc/inst/lib/gcc/aarch64-pc-cygwin/15.0.1/../../../../aarch64-pc-cygwin/bin/ld: /root/xc/runtime/winsup/cygwin/fhandler/socket_local.cc:1275:(.text+0x133c): undefined reference to `WSAGetLastError'
/root/xc/inst/lib/gcc/aarch64-pc-cygwin/15.0.1/../../../../aarch64-pc-cygwin/bin/ld: /root/xc/runtime/winsup/cygwin/fhandler/socket_local.cc:1281:(.text+0x1350): undefined reference to `WSAGetLastError'
/root/xc/inst/lib/gcc/aarch64-pc-cygwin/15.0.1/../../../../aarch64-pc-cygwin/bin/ld: /root/xc/runtime/winsup/cygwin/fhandler/socket_local.cc:1241:(.text+0x13c4): undefined reference to `WSARecvFrom'
/root/xc/inst/lib/gcc/aarch64-pc-cygwin/15.0.1/../../../../aarch64-pc-cygwin/bin/ld: /root/xc/runtime/winsup/cygwin/fhandler/socket_local.cc:1238:(.text+0x14a4): undefined reference to `WSARecv'
/root/xc/inst/lib/gcc/aarch64-pc-cygwin/15.0.1/../../../../aarch64-pc-cygwin/bin/ld: libdll.a(socket_local.o): in function `_Z15get_ext_funcptryPv':
/root/xc/runtime/winsup/cygwin/fhandler/socket_local.cc:214:(.text+0x1608): undefined reference to `WSAIoctl'
/root/xc/inst/lib/gcc/aarch64-pc-cygwin/15.0.1/../../../../aarch64-pc-cygwin/bin/ld: libdll.a(socket_local.o): in function `_ZN21fhandler_socket_local13recv_internalEP7_WSAMSGb':
/root/xc/runtime/winsup/cygwin/fhandler/socket_local.cc:1202:(.text+0x16ac): undefined reference to `WSASetLastError'
/root/xc/inst/lib/gcc/aarch64-pc-cygwin/15.0.1/../../../../aarch64-pc-cygwin/bin/ld: libdll.a(socket_local.o): in function `_ZN21fhandler_socket_local7connectEPK8sockaddri':
/root/xc/runtime/winsup/cygwin/fhandler/socket_local.cc:954:(.text+0x21c8): undefined reference to `connect'
/root/xc/inst/lib/gcc/aarch64-pc-cygwin/15.0.1/../../../../aarch64-pc-cygwin/bin/ld: /root/xc/runtime/winsup/cygwin/fhandler/socket_local.cc:954:(.text+0x2258): undefined reference to `connect'
/root/xc/inst/lib/gcc/aarch64-pc-cygwin/15.0.1/../../../../aarch64-pc-cygwin/bin/ld: /root/xc/runtime/winsup/cygwin/fhandler/socket_local.cc:969:(.text+0x2280): undefined reference to `WSAGetLastError'
/root/xc/inst/lib/gcc/aarch64-pc-cygwin/15.0.1/../../../../aarch64-pc-cygwin/bin/ld: /root/xc/runtime/winsup/cygwin/fhandler/socket_local.cc:921:(.text+0x23c4): undefined reference to `WSASetLastError'
/root/xc/inst/lib/gcc/aarch64-pc-cygwin/15.0.1/../../../../aarch64-pc-cygwin/bin/ld: /root/xc/runtime/winsup/cygwin/fhandler/socket_local.cc:964:(.text+0x241c): undefined reference to `WSAGetLastError'
/root/xc/inst/lib/gcc/aarch64-pc-cygwin/15.0.1/../../../../aarch64-pc-cygwin/bin/ld: /root/xc/runtime/winsup/cygwin/fhandler/socket_local.cc:980:(.text+0x2454): undefined reference to `WSASetLastError'
/root/xc/inst/lib/gcc/aarch64-pc-cygwin/15.0.1/../../../../aarch64-pc-cygwin/bin/ld: /root/xc/runtime/winsup/cygwin/fhandler/socket_local.cc:984:(.text+0x2460): undefined reference to `WSASetLastError'
/root/xc/inst/lib/gcc/aarch64-pc-cygwin/15.0.1/../../../../aarch64-pc-cygwin/bin/ld: libdll.a(socket_local.o): in function `_ZN21fhandler_socket_local20af_local_setblockingERbS0_':
/root/xc/runtime/winsup/cygwin/fhandler/socket_local.cc:414:(.text+0x2570): undefined reference to `WSAAsyncSelect'
/root/xc/inst/lib/gcc/aarch64-pc-cygwin/15.0.1/../../../../aarch64-pc-cygwin/bin/ld: /root/xc/runtime/winsup/cygwin/fhandler/socket_local.cc:415:(.text+0x2590): undefined reference to `WSAEventSelect'
/root/xc/inst/lib/gcc/aarch64-pc-cygwin/15.0.1/../../../../aarch64-pc-cygwin/bin/ld: /root/xc/runtime/winsup/cygwin/fhandler/socket_local.cc:414:(.text+0x25e4): undefined reference to `WSAAsyncSelect'
/root/xc/inst/lib/gcc/aarch64-pc-cygwin/15.0.1/../../../../aarch64-pc-cygwin/bin/ld: /root/xc/runtime/winsup/cygwin/fhandler/socket_local.cc:415:(.text+0x260c): undefined reference to `WSAEventSelect'
/root/xc/inst/lib/gcc/aarch64-pc-cygwin/15.0.1/../../../../aarch64-pc-cygwin/bin/ld: libdll.a(socket_local.o): in function `_ZN21fhandler_socket_local22af_local_unsetblockingEbb':
/root/xc/runtime/winsup/cygwin/fhandler/socket_local.cc:428:(.text+0x2678): undefined reference to `WSAAsyncSelect'
/root/xc/inst/lib/gcc/aarch64-pc-cygwin/15.0.1/../../../../aarch64-pc-cygwin/bin/ld: libdll.a(socket_local.o): in function `_ZN21fhandler_socket_local16af_local_connectEv':
/root/xc/runtime/winsup/cygwin/fhandler/socket_local.cc:546:(.text+0x2c84): undefined reference to `shutdown'
/root/xc/inst/lib/gcc/aarch64-pc-cygwin/15.0.1/../../../../aarch64-pc-cygwin/bin/ld: /root/xc/runtime/winsup/cygwin/fhandler/socket_local.cc:547:(.text+0x2c8c): undefined reference to `WSASetLastError'
/root/xc/inst/lib/gcc/aarch64-pc-cygwin/15.0.1/../../../../aarch64-pc-cygwin/bin/ld: libdll.a(socket_local.o): in function `_ZN21fhandler_socket_local15af_local_acceptEv':
/root/xc/runtime/winsup/cygwin/fhandler/socket_local.cc:568:(.text+0x2db0): undefined reference to `shutdown'
/root/xc/inst/lib/gcc/aarch64-pc-cygwin/15.0.1/../../../../aarch64-pc-cygwin/bin/ld: /root/xc/runtime/winsup/cygwin/fhandler/socket_local.cc:569:(.text+0x2dcc): undefined reference to `closesocket'
/root/xc/inst/lib/gcc/aarch64-pc-cygwin/15.0.1/../../../../aarch64-pc-cygwin/bin/ld: /root/xc/runtime/winsup/cygwin/fhandler/socket_local.cc:570:(.text+0x2dd4): undefined reference to `WSASetLastError'
/root/xc/inst/lib/gcc/aarch64-pc-cygwin/15.0.1/../../../../aarch64-pc-cygwin/bin/ld: libdll.a(socket_local.o): in function `_ZN21fhandler_socket_local7accept4EP8sockaddrPii':
/root/xc/runtime/winsup/cygwin/fhandler/socket_local.cc:1053:(.text+0x2e9c): undefined reference to `accept'
/root/xc/inst/lib/gcc/aarch64-pc-cygwin/15.0.1/../../../../aarch64-pc-cygwin/bin/ld: /root/xc/runtime/winsup/cygwin/fhandler/socket_local.cc:1110:(.text+0x3098): undefined reference to `closesocket'
/root/xc/inst/lib/gcc/aarch64-pc-cygwin/15.0.1/../../../../aarch64-pc-cygwin/bin/ld: /root/xc/runtime/winsup/cygwin/fhandler/socket_local.cc:1053:(.text+0x30f4): undefined reference to `accept'
/root/xc/inst/lib/gcc/aarch64-pc-cygwin/15.0.1/../../../../aarch64-pc-cygwin/bin/ld: /root/xc/runtime/winsup/cygwin/fhandler/socket_local.cc:1055:(.text+0x3104): undefined reference to `WSAGetLastError'
/root/xc/inst/lib/gcc/aarch64-pc-cygwin/15.0.1/../../../../aarch64-pc-cygwin/bin/ld: /root/xc/runtime/winsup/cygwin/fhandler/socket_local.cc:1110:(.text+0x318c): undefined reference to `closesocket'
/root/xc/inst/lib/gcc/aarch64-pc-cygwin/15.0.1/../../../../aarch64-pc-cygwin/bin/ld: /root/xc/runtime/winsup/cygwin/fhandler/socket_local.cc:1046:(.text+0x32b0): undefined reference to `WSASetLastError'
/root/xc/inst/lib/gcc/aarch64-pc-cygwin/15.0.1/../../../../aarch64-pc-cygwin/bin/ld: libdll.a(socket_local.o): in function `_ZN21fhandler_socket_local10setsockoptEiiPKvi':
/root/xc/runtime/winsup/cygwin/fhandler/socket_local.cc:1521:(.text+0x3540): undefined reference to `setsockopt'
/root/xc/inst/lib/gcc/aarch64-pc-cygwin/15.0.1/../../../../aarch64-pc-cygwin/bin/ld: /root/xc/runtime/winsup/cygwin/fhandler/socket_local.cc:1521:(.text+0x3684): undefined reference to `setsockopt'
/root/xc/inst/lib/gcc/aarch64-pc-cygwin/15.0.1/../../../../aarch64-pc-cygwin/bin/ld: libdll.a(socket_local.o): in function `_ZN21fhandler_socket_local19af_local_set_secretEPc':
/root/xc/runtime/winsup/cygwin/fhandler/socket_local.cc:626:(.text+0x38b0): undefined reference to `SystemFunction036'
/root/xc/inst/lib/gcc/aarch64-pc-cygwin/15.0.1/../../../../aarch64-pc-cygwin/bin/ld: libdll.a(socket_local.o): in function `_ZN21fhandler_socket_local4bindEPK8sockaddri':
/root/xc/runtime/winsup/cygwin/fhandler/socket_local.cc:812:(.text+0x3a78): undefined reference to `bind'
/root/xc/inst/lib/gcc/aarch64-pc-cygwin/15.0.1/../../../../aarch64-pc-cygwin/bin/ld: /root/xc/runtime/winsup/cygwin/fhandler/socket_local.cc:818:(.text+0x3aa4): undefined reference to `getsockname'
/root/xc/inst/lib/gcc/aarch64-pc-cygwin/15.0.1/../../../../aarch64-pc-cygwin/bin/ld: libdll.a(windows.o): in function `_ZN16fhandler_windows5writeEPKvm':
/root/xc/runtime/winsup/cygwin/fhandler/windows.cc:64:(.text+0x2c): undefined reference to `PostMessageW'
/root/xc/inst/lib/gcc/aarch64-pc-cygwin/15.0.1/../../../../aarch64-pc-cygwin/bin/ld: /root/xc/runtime/winsup/cygwin/fhandler/windows.cc:70:(.text+0x44): undefined reference to `SendNotifyMessageW'
/root/xc/inst/lib/gcc/aarch64-pc-cygwin/15.0.1/../../../../aarch64-pc-cygwin/bin/ld: libdll.a(windows.o): in function `_ZN16fhandler_windows4readEPvRm':
/root/xc/runtime/winsup/cygwin/fhandler/windows.cc:98:(.text+0x11c): undefined reference to `MsgWaitForMultipleObjectsEx'
/root/xc/inst/lib/gcc/aarch64-pc-cygwin/15.0.1/../../../../aarch64-pc-cygwin/bin/ld: /root/xc/runtime/winsup/cygwin/fhandler/windows.cc:117:(.text+0x14c): undefined reference to `PeekMessageW'
/root/xc/inst/lib/gcc/aarch64-pc-cygwin/15.0.1/../../../../aarch64-pc-cygwin/bin/ld: libdll.a(grp.o): in function `_ZN6gr_ent15enumerate_localEv':
/root/xc/runtime/winsup/cygwin/grp.cc:427:(.text+0x400): undefined reference to `LookupAccountNameW'
/root/xc/inst/lib/gcc/aarch64-pc-cygwin/15.0.1/../../../../aarch64-pc-cygwin/bin/ld: /root/xc/runtime/winsup/cygwin/grp.cc:402:(.text+0x488): undefined reference to `NetApiBufferFree'
/root/xc/inst/lib/gcc/aarch64-pc-cygwin/15.0.1/../../../../aarch64-pc-cygwin/bin/ld: /root/xc/runtime/winsup/cygwin/grp.cc:408:(.text+0x504): undefined reference to `NetLocalGroupEnum'
/root/xc/inst/lib/gcc/aarch64-pc-cygwin/15.0.1/../../../../aarch64-pc-cygwin/bin/ld: libdll.a(grp.o): in function `_Z18internal_getgroupsiPjP8cyg_ldap':
/root/xc/runtime/winsup/cygwin/grp.cc:645:(.text+0x1520): undefined reference to `LsaFreeMemory'
/root/xc/inst/lib/gcc/aarch64-pc-cygwin/15.0.1/../../../../aarch64-pc-cygwin/bin/ld: /root/xc/runtime/winsup/cygwin/grp.cc:647:(.text+0x152c): undefined reference to `LsaFreeMemory'
/root/xc/inst/lib/gcc/aarch64-pc-cygwin/15.0.1/../../../../aarch64-pc-cygwin/bin/ld: /root/xc/runtime/winsup/cygwin/grp.cc:645:(.text+0x1580): undefined reference to `LsaFreeMemory'
/root/xc/inst/lib/gcc/aarch64-pc-cygwin/15.0.1/../../../../aarch64-pc-cygwin/bin/ld: /root/xc/runtime/winsup/cygwin/grp.cc:647:(.text+0x158c): undefined reference to `LsaFreeMemory'
/root/xc/inst/lib/gcc/aarch64-pc-cygwin/15.0.1/../../../../aarch64-pc-cygwin/bin/ld: /root/xc/runtime/winsup/cygwin/grp.cc:645:(.text+0x1664): undefined reference to `LsaFreeMemory'
/root/xc/inst/lib/gcc/aarch64-pc-cygwin/15.0.1/../../../../aarch64-pc-cygwin/bin/ld: libdll.a(grp.o):/root/xc/runtime/winsup/cygwin/grp.cc:647: more undefined references to `LsaFreeMemory' follow
/root/xc/inst/lib/gcc/aarch64-pc-cygwin/15.0.1/../../../../aarch64-pc-cygwin/bin/ld: libdll.a(grp.o): in function `_Z18internal_getgroupsiPjP8cyg_ldap':
/root/xc/runtime/winsup/cygwin/grp.cc:611:(.text+0x1864): undefined reference to `LsaLookupSids'
/root/xc/inst/lib/gcc/aarch64-pc-cygwin/15.0.1/../../../../aarch64-pc-cygwin/bin/ld: /root/xc/runtime/winsup/cygwin/grp.cc:645:(.text+0x1954): undefined reference to `LsaFreeMemory'
/root/xc/inst/lib/gcc/aarch64-pc-cygwin/15.0.1/../../../../aarch64-pc-cygwin/bin/ld: libdll.a(ldap.o): in function `_ZN8cyg_ldap8search_sEPwjS0_PS0_':
/root/xc/runtime/winsup/cygwin/ldap.cc:248:(.text+0x34): undefined reference to `ldap_search_sW'
/root/xc/inst/lib/gcc/aarch64-pc-cygwin/15.0.1/../../../../aarch64-pc-cygwin/bin/ld: libdll.a(ldap.o): in function `_ZN8cyg_ldap11connect_sslEPKw':
/root/xc/runtime/winsup/cygwin/ldap.cc:170:(.text+0x1ec): undefined reference to `ldap_sslinitW'
/root/xc/inst/lib/gcc/aarch64-pc-cygwin/15.0.1/../../../../aarch64-pc-cygwin/bin/ld: /root/xc/runtime/winsup/cygwin/ldap.cc:175:(.text+0x204): undefined reference to `ldap_bind_s'
/root/xc/inst/lib/gcc/aarch64-pc-cygwin/15.0.1/../../../../aarch64-pc-cygwin/bin/ld: /root/xc/runtime/winsup/cygwin/ldap.cc:173:(.text+0x240): undefined reference to `LdapGetLastError'
/root/xc/inst/lib/gcc/aarch64-pc-cygwin/15.0.1/../../../../aarch64-pc-cygwin/bin/ld: /root/xc/runtime/winsup/cygwin/ldap.cc:177:(.text+0x268): undefined reference to `ldap_search_sW'
/root/xc/inst/lib/gcc/aarch64-pc-cygwin/15.0.1/../../../../aarch64-pc-cygwin/bin/ld: /root/xc/runtime/winsup/cygwin/ldap.cc:172:(.text+0x294): undefined reference to `LdapGetLastError'
/root/xc/inst/lib/gcc/aarch64-pc-cygwin/15.0.1/../../../../aarch64-pc-cygwin/bin/ld: /root/xc/runtime/winsup/cygwin/ldap.cc:173:(.text+0x2c8): undefined reference to `LdapGetLastError'
/root/xc/inst/lib/gcc/aarch64-pc-cygwin/15.0.1/../../../../aarch64-pc-cygwin/bin/ld: libdll.a(ldap.o): in function `_ZN8cyg_ldap15connect_non_sslEPKw':
/root/xc/runtime/winsup/cygwin/ldap.cc:190:(.text+0x32c): undefined reference to `ldap_initW'
/root/xc/inst/lib/gcc/aarch64-pc-cygwin/15.0.1/../../../../aarch64-pc-cygwin/bin/ld: /root/xc/runtime/winsup/cygwin/ldap.cc:195:(.text+0x340): undefined reference to `ldap_set_option'
/root/xc/inst/lib/gcc/aarch64-pc-cygwin/15.0.1/../../../../aarch64-pc-cygwin/bin/ld: /root/xc/runtime/winsup/cygwin/ldap.cc:198:(.text+0x360): undefined reference to `ldap_set_option'
/root/xc/inst/lib/gcc/aarch64-pc-cygwin/15.0.1/../../../../aarch64-pc-cygwin/bin/ld: /root/xc/runtime/winsup/cygwin/ldap.cc:201:(.text+0x384): undefined reference to `ldap_bind_s'
/root/xc/inst/lib/gcc/aarch64-pc-cygwin/15.0.1/../../../../aarch64-pc-cygwin/bin/ld: /root/xc/runtime/winsup/cygwin/ldap.cc:193:(.text+0x3c0): undefined reference to `LdapGetLastError'
/root/xc/inst/lib/gcc/aarch64-pc-cygwin/15.0.1/../../../../aarch64-pc-cygwin/bin/ld: /root/xc/runtime/winsup/cygwin/ldap.cc:203:(.text+0x3e8): undefined reference to `ldap_search_sW'
/root/xc/inst/lib/gcc/aarch64-pc-cygwin/15.0.1/../../../../aarch64-pc-cygwin/bin/ld: /root/xc/runtime/winsup/cygwin/ldap.cc:192:(.text+0x464): undefined reference to `LdapGetLastError'
/root/xc/inst/lib/gcc/aarch64-pc-cygwin/15.0.1/../../../../aarch64-pc-cygwin/bin/ld: /root/xc/runtime/winsup/cygwin/ldap.cc:193:(.text+0x498): undefined reference to `LdapGetLastError'
/root/xc/inst/lib/gcc/aarch64-pc-cygwin/15.0.1/../../../../aarch64-pc-cygwin/bin/ld: libdll.a(ldap.o): in function `_ZN8cyg_ldap8search_sEPwjS0_PS0_':
/root/xc/runtime/winsup/cygwin/ldap.cc:248:(.text+0x554): undefined reference to `ldap_search_sW'
/root/xc/inst/lib/gcc/aarch64-pc-cygwin/15.0.1/../../../../aarch64-pc-cygwin/bin/ld: libdll.a(ldap.o): in function `_ZN8cyg_ldap11next_page_sEv':
/root/xc/runtime/winsup/cygwin/ldap.cc:287:(.text+0x5e8): undefined reference to `ldap_get_next_page_s'
/root/xc/inst/lib/gcc/aarch64-pc-cygwin/15.0.1/../../../../aarch64-pc-cygwin/bin/ld: /root/xc/runtime/winsup/cygwin/ldap.cc:290:(.text+0x620): undefined reference to `ldap_count_entries'
/root/xc/inst/lib/gcc/aarch64-pc-cygwin/15.0.1/../../../../aarch64-pc-cygwin/bin/ld: libdll.a(ldap.o): in function `_ZN8cyg_ldap5closeEv':
/root/xc/runtime/winsup/cygwin/ldap.cc:369:(.text+0x6b8): undefined reference to `ldap_search_abandon_page'
/root/xc/inst/lib/gcc/aarch64-pc-cygwin/15.0.1/../../../../aarch64-pc-cygwin/bin/ld: /root/xc/runtime/winsup/cygwin/ldap.cc:371:(.text+0x6c4): undefined reference to `ldap_unbind'
/root/xc/inst/lib/gcc/aarch64-pc-cygwin/15.0.1/../../../../aarch64-pc-cygwin/bin/ld: /root/xc/runtime/winsup/cygwin/ldap.cc:373:(.text+0x6d0): undefined reference to `ldap_msgfree'
/root/xc/inst/lib/gcc/aarch64-pc-cygwin/15.0.1/../../../../aarch64-pc-cygwin/bin/ld: /root/xc/runtime/winsup/cygwin/ldap.cc:375:(.text+0x6dc): undefined reference to `ldap_value_freeW'
/root/xc/inst/lib/gcc/aarch64-pc-cygwin/15.0.1/../../../../aarch64-pc-cygwin/bin/ld: libdll.a(ldap.o): in function `_ZN8cyg_ldap20map_ldaperr_to_errnoEj':
/root/xc/runtime/winsup/cygwin/ldap.cc:137:(.text+0x7fc): undefined reference to `LdapMapErrorToWin32'
/root/xc/inst/lib/gcc/aarch64-pc-cygwin/15.0.1/../../../../aarch64-pc-cygwin/bin/ld: libdll.a(ldap.o): in function `_ZN8cyg_ldap4openEPKw':
/root/xc/runtime/winsup/cygwin/ldap.cc:329:(.text+0x818): undefined reference to `ldap_first_entry'
/root/xc/inst/lib/gcc/aarch64-pc-cygwin/15.0.1/../../../../aarch64-pc-cygwin/bin/ld: /root/xc/runtime/winsup/cygwin/ldap.cc:334:(.text+0x834): undefined reference to `ldap_get_valuesW'
/root/xc/inst/lib/gcc/aarch64-pc-cygwin/15.0.1/../../../../aarch64-pc-cygwin/bin/ld: /root/xc/runtime/winsup/cygwin/ldap.cc:345:(.text+0x85c): undefined reference to `ldap_value_freeW'
/root/xc/inst/lib/gcc/aarch64-pc-cygwin/15.0.1/../../../../aarch64-pc-cygwin/bin/ld: /root/xc/runtime/winsup/cygwin/ldap.cc:346:(.text+0x874): undefined reference to `ldap_get_valuesW'
/root/xc/inst/lib/gcc/aarch64-pc-cygwin/15.0.1/../../../../aarch64-pc-cygwin/bin/ld: /root/xc/runtime/winsup/cygwin/ldap.cc:355:(.text+0x880): undefined reference to `ldap_value_freeW'
/root/xc/inst/lib/gcc/aarch64-pc-cygwin/15.0.1/../../../../aarch64-pc-cygwin/bin/ld: /root/xc/runtime/winsup/cygwin/ldap.cc:357:(.text+0x88c): undefined reference to `ldap_msgfree'
/root/xc/inst/lib/gcc/aarch64-pc-cygwin/15.0.1/../../../../aarch64-pc-cygwin/bin/ld: /root/xc/runtime/winsup/cygwin/ldap.cc:348:(.text+0x8b4): undefined reference to `ldap_count_valuesW'
/root/xc/inst/lib/gcc/aarch64-pc-cygwin/15.0.1/../../../../aarch64-pc-cygwin/bin/ld: libdll.a(ldap.o): in function `_ZN8cyg_ldap20get_string_attributeEPKw':
/root/xc/runtime/winsup/cygwin/ldap.cc:390:(.text+0x9d8): undefined reference to `ldap_value_freeW'
/root/xc/inst/lib/gcc/aarch64-pc-cygwin/15.0.1/../../../../aarch64-pc-cygwin/bin/ld: /root/xc/runtime/winsup/cygwin/ldap.cc:391:(.text+0x9e8): undefined reference to `ldap_get_valuesW'
/root/xc/inst/lib/gcc/aarch64-pc-cygwin/15.0.1/../../../../aarch64-pc-cygwin/bin/ld: /root/xc/runtime/winsup/cygwin/ldap.cc:390:(.text+0xa3c): undefined reference to `ldap_value_freeW'
/root/xc/inst/lib/gcc/aarch64-pc-cygwin/15.0.1/../../../../aarch64-pc-cygwin/bin/ld: /root/xc/runtime/winsup/cygwin/ldap.cc:391:(.text+0xa4c): undefined reference to `ldap_get_valuesW'
/root/xc/inst/lib/gcc/aarch64-pc-cygwin/15.0.1/../../../../aarch64-pc-cygwin/bin/ld: libdll.a(ldap.o): in function `_ZN8cyg_ldap16fetch_ad_accountEPvbPKw':
/root/xc/runtime/winsup/cygwin/ldap.cc:432:(.text+0xb68): undefined reference to `ldap_msgfree'
/root/xc/inst/lib/gcc/aarch64-pc-cygwin/15.0.1/../../../../aarch64-pc-cygwin/bin/ld: /root/xc/runtime/winsup/cygwin/ldap.cc:437:(.text+0xb78): undefined reference to `ldap_value_freeW'
/root/xc/inst/lib/gcc/aarch64-pc-cygwin/15.0.1/../../../../aarch64-pc-cygwin/bin/ld: libdll.a(ldap.o): in function `_ZN8cyg_ldap20map_ldaperr_to_errnoEj':
/root/xc/runtime/winsup/cygwin/ldap.cc:137:(.text+0xd1c): undefined reference to `LdapMapErrorToWin32'
/root/xc/inst/lib/gcc/aarch64-pc-cygwin/15.0.1/../../../../aarch64-pc-cygwin/bin/ld: libdll.a(ldap.o): in function `_ZN8cyg_ldap16fetch_ad_accountEPvbPKw':
/root/xc/runtime/winsup/cygwin/ldap.cc:476:(.text+0xd34): undefined reference to `ldap_first_entry'
/root/xc/inst/lib/gcc/aarch64-pc-cygwin/15.0.1/../../../../aarch64-pc-cygwin/bin/ld: libdll.a(ldap.o): in function `_ZN8cyg_ldap21enumerate_ad_accountsEPKwb':
/root/xc/runtime/winsup/cygwin/ldap.cc:517:(.text+0xf0c): undefined reference to `ldap_search_init_pageW'
/root/xc/inst/lib/gcc/aarch64-pc-cygwin/15.0.1/../../../../aarch64-pc-cygwin/bin/ld: /root/xc/runtime/winsup/cygwin/ldap.cc:524:(.text+0xf68): undefined reference to `LdapGetLastError'
/root/xc/inst/lib/gcc/aarch64-pc-cygwin/15.0.1/../../../../aarch64-pc-cygwin/bin/ld: libdll.a(ldap.o): in function `_ZN8cyg_ldap20map_ldaperr_to_errnoEj':
/root/xc/runtime/winsup/cygwin/ldap.cc:137:(.text+0xf7c): undefined reference to `LdapMapErrorToWin32'
/root/xc/inst/lib/gcc/aarch64-pc-cygwin/15.0.1/../../../../aarch64-pc-cygwin/bin/ld: libdll.a(ldap.o): in function `_ZN8cyg_ldap21enumerate_ad_accountsEPKwb':
/root/xc/runtime/winsup/cygwin/ldap.cc:522:(.text+0x1014): undefined reference to `LdapGetLastError'
/root/xc/inst/lib/gcc/aarch64-pc-cygwin/15.0.1/../../../../aarch64-pc-cygwin/bin/ld: libdll.a(ldap.o): in function `_ZN8cyg_ldap12next_accountER6cygsid':
/root/xc/runtime/winsup/cygwin/ldap.cc:537:(.text+0x10b4): undefined reference to `ldap_next_entry'
/root/xc/inst/lib/gcc/aarch64-pc-cygwin/15.0.1/../../../../aarch64-pc-cygwin/bin/ld: /root/xc/runtime/winsup/cygwin/ldap.cc:538:(.text+0x10d4): undefined reference to `ldap_get_values_lenW'
/root/xc/inst/lib/gcc/aarch64-pc-cygwin/15.0.1/../../../../aarch64-pc-cygwin/bin/ld: /root/xc/runtime/winsup/cygwin/ldap.cc:544:(.text+0x10e4): undefined reference to `ldap_msgfree'
/root/xc/inst/lib/gcc/aarch64-pc-cygwin/15.0.1/../../../../aarch64-pc-cygwin/bin/ld: /root/xc/runtime/winsup/cygwin/ldap.cc:544:(.text+0x10f4): undefined reference to `ldap_msgfree'
/root/xc/inst/lib/gcc/aarch64-pc-cygwin/15.0.1/../../../../aarch64-pc-cygwin/bin/ld: /root/xc/runtime/winsup/cygwin/ldap.cc:559:(.text+0x1178): undefined reference to `ldap_search_abandon_page'
/root/xc/inst/lib/gcc/aarch64-pc-cygwin/15.0.1/../../../../aarch64-pc-cygwin/bin/ld: libdll.a(ldap.o): in function `_ZN8cyg_ldap20map_ldaperr_to_errnoEj':
/root/xc/runtime/winsup/cygwin/ldap.cc:137:(.text+0x1194): undefined reference to `LdapMapErrorToWin32'
/root/xc/inst/lib/gcc/aarch64-pc-cygwin/15.0.1/../../../../aarch64-pc-cygwin/bin/ld: libdll.a(ldap.o): in function `_ZN8cyg_ldap12next_accountER6cygsid':
/root/xc/runtime/winsup/cygwin/ldap.cc:550:(.text+0x11b0): undefined reference to `ldap_first_entry'
/root/xc/inst/lib/gcc/aarch64-pc-cygwin/15.0.1/../../../../aarch64-pc-cygwin/bin/ld: /root/xc/runtime/winsup/cygwin/ldap.cc:551:(.text+0x11c8): undefined reference to `ldap_get_values_lenW'
/root/xc/inst/lib/gcc/aarch64-pc-cygwin/15.0.1/../../../../aarch64-pc-cygwin/bin/ld: /root/xc/runtime/winsup/cygwin/ldap.cc:559:(.text+0x11e0): undefined reference to `ldap_search_abandon_page'
/root/xc/inst/lib/gcc/aarch64-pc-cygwin/15.0.1/../../../../aarch64-pc-cygwin/bin/ld: /root/xc/runtime/winsup/cygwin/ldap.cc:554:(.text+0x1240): undefined reference to `ldap_value_free_len'
/root/xc/inst/lib/gcc/aarch64-pc-cygwin/15.0.1/../../../../aarch64-pc-cygwin/bin/ld: libdll.a(ldap.o): in function `_ZN8cyg_ldap29fetch_posix_offset_for_domainEPKw':
/root/xc/runtime/winsup/cygwin/ldap.cc:579:(.text+0x1338): undefined reference to `ldap_msgfree'
/root/xc/inst/lib/gcc/aarch64-pc-cygwin/15.0.1/../../../../aarch64-pc-cygwin/bin/ld: /root/xc/runtime/winsup/cygwin/ldap.cc:584:(.text+0x1348): undefined reference to `ldap_value_freeW'
/root/xc/inst/lib/gcc/aarch64-pc-cygwin/15.0.1/../../../../aarch64-pc-cygwin/bin/ld: libdll.a(ldap.o): in function `_ZN8cyg_ldap20map_ldaperr_to_errnoEj':
/root/xc/runtime/winsup/cygwin/ldap.cc:137:(.text+0x1420): undefined reference to `LdapMapErrorToWin32'
/root/xc/inst/lib/gcc/aarch64-pc-cygwin/15.0.1/../../../../aarch64-pc-cygwin/bin/ld: libdll.a(ldap.o): in function `_ZN8cyg_ldap29fetch_posix_offset_for_domainEPKw':
/root/xc/runtime/winsup/cygwin/ldap.cc:597:(.text+0x1438): undefined reference to `ldap_first_entry'
/root/xc/inst/lib/gcc/aarch64-pc-cygwin/15.0.1/../../../../aarch64-pc-cygwin/bin/ld: libdll.a(ldap.o): in function `_ZN8cyg_ldap20get_string_attributeEPKw':
/root/xc/runtime/winsup/cygwin/ldap.cc:390:(.text+0x1454): undefined reference to `ldap_value_freeW'
/root/xc/inst/lib/gcc/aarch64-pc-cygwin/15.0.1/../../../../aarch64-pc-cygwin/bin/ld: /root/xc/runtime/winsup/cygwin/ldap.cc:391:(.text+0x1464): undefined reference to `ldap_get_valuesW'
/root/xc/inst/lib/gcc/aarch64-pc-cygwin/15.0.1/../../../../aarch64-pc-cygwin/bin/ld: libdll.a(ldap.o): in function `_ZN8cyg_ldap22fetch_unix_sid_from_adEjR6cygsidb':
/root/xc/runtime/winsup/cygwin/ldap.cc:620:(.text+0x1538): undefined reference to `ldap_msgfree'
/root/xc/inst/lib/gcc/aarch64-pc-cygwin/15.0.1/../../../../aarch64-pc-cygwin/bin/ld: libdll.a(ldap.o): in function `_ZN8cyg_ldap20map_ldaperr_to_errnoEj':
/root/xc/runtime/winsup/cygwin/ldap.cc:137:(.text+0x15f4): undefined reference to `LdapMapErrorToWin32'
/root/xc/inst/lib/gcc/aarch64-pc-cygwin/15.0.1/../../../../aarch64-pc-cygwin/bin/ld: libdll.a(ldap.o): in function `_ZN8cyg_ldap22fetch_unix_sid_from_adEjR6cygsidb':
/root/xc/runtime/winsup/cygwin/ldap.cc:626:(.text+0x160c): undefined reference to `ldap_first_entry'
/root/xc/inst/lib/gcc/aarch64-pc-cygwin/15.0.1/../../../../aarch64-pc-cygwin/bin/ld: /root/xc/runtime/winsup/cygwin/ldap.cc:627:(.text+0x1624): undefined reference to `ldap_get_values_lenW'
/root/xc/inst/lib/gcc/aarch64-pc-cygwin/15.0.1/../../../../aarch64-pc-cygwin/bin/ld: /root/xc/runtime/winsup/cygwin/ldap.cc:630:(.text+0x169c): undefined reference to `ldap_value_free_len'
/root/xc/inst/lib/gcc/aarch64-pc-cygwin/15.0.1/../../../../aarch64-pc-cygwin/bin/ld: libdll.a(ldap.o): in function `_ZN8cyg_ldap28fetch_unix_name_from_rfc2307Ejb':
/root/xc/runtime/winsup/cygwin/ldap.cc:649:(.text+0x16dc): undefined reference to `ldap_msgfree'
/root/xc/inst/lib/gcc/aarch64-pc-cygwin/15.0.1/../../../../aarch64-pc-cygwin/bin/ld: /root/xc/runtime/winsup/cygwin/ldap.cc:654:(.text+0x16ec): undefined reference to `ldap_value_freeW'
/root/xc/inst/lib/gcc/aarch64-pc-cygwin/15.0.1/../../../../aarch64-pc-cygwin/bin/ld: libdll.a(ldap.o): in function `_ZN8cyg_ldap20map_ldaperr_to_errnoEj':
/root/xc/runtime/winsup/cygwin/ldap.cc:137:(.text+0x17b0): undefined reference to `LdapMapErrorToWin32'
/root/xc/inst/lib/gcc/aarch64-pc-cygwin/15.0.1/../../../../aarch64-pc-cygwin/bin/ld: libdll.a(ldap.o): in function `_ZN8cyg_ldap28fetch_unix_name_from_rfc2307Ejb':
/root/xc/runtime/winsup/cygwin/ldap.cc:661:(.text+0x17c8): undefined reference to `ldap_first_entry'
/root/xc/inst/lib/gcc/aarch64-pc-cygwin/15.0.1/../../../../aarch64-pc-cygwin/bin/ld: libdll.a(ldap.o): in function `_ZN8cyg_ldap20get_string_attributeEPKw':
/root/xc/runtime/winsup/cygwin/ldap.cc:390:(.text+0x17e4): undefined reference to `ldap_value_freeW'
/root/xc/inst/lib/gcc/aarch64-pc-cygwin/15.0.1/../../../../aarch64-pc-cygwin/bin/ld: /root/xc/runtime/winsup/cygwin/ldap.cc:391:(.text+0x17f4): undefined reference to `ldap_get_valuesW'
/root/xc/inst/lib/gcc/aarch64-pc-cygwin/15.0.1/../../../../aarch64-pc-cygwin/bin/ld: libdll.a(getentropy.o): in function `getentropy':
/root/xc/runtime/winsup/cygwin/libc/getentropy.cc:29:(.text+0x60): undefined reference to `SystemFunction036'
/root/xc/inst/lib/gcc/aarch64-pc-cygwin/15.0.1/../../../../aarch64-pc-cygwin/bin/ld: libdll.a(getentropy.o): in function `getrandom':
/root/xc/runtime/winsup/cygwin/libc/getentropy.cc:57:(.text+0x2a0): undefined reference to `SystemFunction036'
/root/xc/inst/lib/gcc/aarch64-pc-cygwin/15.0.1/../../../../aarch64-pc-cygwin/bin/ld: /root/xc/runtime/winsup/cygwin/libc/getentropy.cc:57:(.text+0x330): undefined reference to `SystemFunction036'
/root/xc/inst/lib/gcc/aarch64-pc-cygwin/15.0.1/../../../../aarch64-pc-cygwin/bin/ld: libdll.a(minires-os-if.o): in function `cygwin_query':
/root/xc/runtime/winsup/cygwin/libc/minires-os-if.c:209:(.text+0x90): undefined reference to `DnsQuery_A'
/root/xc/inst/lib/gcc/aarch64-pc-cygwin/15.0.1/../../../../aarch64-pc-cygwin/bin/ld: /root/xc/runtime/winsup/cygwin/libc/minires-os-if.c:300:(.text+0x330): undefined reference to `DnsFree'
/root/xc/inst/lib/gcc/aarch64-pc-cygwin/15.0.1/../../../../aarch64-pc-cygwin/bin/ld: /root/xc/runtime/winsup/cygwin/libc/minires-os-if.c:300:(.text+0x440): undefined reference to `DnsFree'
/root/xc/inst/lib/gcc/aarch64-pc-cygwin/15.0.1/../../../../aarch64-pc-cygwin/bin/ld: libdll.a(minires-os-if.o): in function `get_dns_info':
/root/xc/runtime/winsup/cygwin/libc/minires-os-if.c:454:(.text+0xce8): undefined reference to `GetNetworkParams'
/root/xc/inst/lib/gcc/aarch64-pc-cygwin/15.0.1/../../../../aarch64-pc-cygwin/bin/ld: /root/xc/runtime/winsup/cygwin/libc/minires-os-if.c:463:(.text+0xdd4): undefined reference to `GetNetworkParams'
/root/xc/inst/lib/gcc/aarch64-pc-cygwin/15.0.1/../../../../aarch64-pc-cygwin/bin/ld: libdll.a(loadavg.o): in function `load_init':
/root/xc/runtime/winsup/cygwin/loadavg.cc:65:(.text+0x50): undefined reference to `PdhOpenQueryW'
/root/xc/inst/lib/gcc/aarch64-pc-cygwin/15.0.1/../../../../aarch64-pc-cygwin/bin/ld: /root/xc/runtime/winsup/cygwin/loadavg.cc:71:(.text+0xb4): undefined reference to `PdhAddEnglishCounterW'
/root/xc/inst/lib/gcc/aarch64-pc-cygwin/15.0.1/../../../../aarch64-pc-cygwin/bin/ld: /root/xc/runtime/winsup/cygwin/loadavg.cc:79:(.text+0xdc): undefined reference to `PdhAddEnglishCounterW'
/root/xc/inst/lib/gcc/aarch64-pc-cygwin/15.0.1/../../../../aarch64-pc-cygwin/bin/ld: /root/xc/runtime/winsup/cygwin/loadavg.cc:90:(.text+0x100): undefined reference to `PdhAddEnglishCounterW'
/root/xc/inst/lib/gcc/aarch64-pc-cygwin/15.0.1/../../../../aarch64-pc-cygwin/bin/ld: /root/xc/runtime/winsup/cygwin/loadavg.cc:111:(.text+0x144): undefined reference to `PdhCollectQueryData'
/root/xc/inst/lib/gcc/aarch64-pc-cygwin/15.0.1/../../../../aarch64-pc-cygwin/bin/ld: libdll.a(loadavg.o): in function `get_load':
/root/xc/runtime/winsup/cygwin/loadavg.cc:123:(.text+0x2a4): undefined reference to `PdhCollectQueryData'
/root/xc/inst/lib/gcc/aarch64-pc-cygwin/15.0.1/../../../../aarch64-pc-cygwin/bin/ld: /root/xc/runtime/winsup/cygwin/loadavg.cc:130:(.text+0x2cc): undefined reference to `PdhGetFormattedCounterValue'
/root/xc/inst/lib/gcc/aarch64-pc-cygwin/15.0.1/../../../../aarch64-pc-cygwin/bin/ld: /root/xc/runtime/winsup/cygwin/loadavg.cc:138:(.text+0x300): undefined reference to `PdhGetFormattedCounterValue'
/root/xc/inst/lib/gcc/aarch64-pc-cygwin/15.0.1/../../../../aarch64-pc-cygwin/bin/ld: libdll.a(malloc_wrapper.o): in function `__caller_return_address':
/root/xc/runtime/winsup/cygwin/mm/malloc_wrapper.cc:40:(.text+0x104): undefined reference to `_sigbe'
/root/xc/inst/lib/gcc/aarch64-pc-cygwin/15.0.1/../../../../aarch64-pc-cygwin/bin/ld: /root/xc/runtime/winsup/cygwin/mm/malloc_wrapper.cc:40:(.text+0x108): undefined reference to `_sigbe'
/root/xc/inst/lib/gcc/aarch64-pc-cygwin/15.0.1/../../../../aarch64-pc-cygwin/bin/ld: /root/xc/runtime/winsup/cygwin/mm/malloc_wrapper.cc:40:(.text+0x18c): undefined reference to `_sigbe'
/root/xc/inst/lib/gcc/aarch64-pc-cygwin/15.0.1/../../../../aarch64-pc-cygwin/bin/ld: /root/xc/runtime/winsup/cygwin/mm/malloc_wrapper.cc:40:(.text+0x190): undefined reference to `_sigbe'
/root/xc/inst/lib/gcc/aarch64-pc-cygwin/15.0.1/../../../../aarch64-pc-cygwin/bin/ld: /root/xc/runtime/winsup/cygwin/mm/malloc_wrapper.cc:40:(.text+0x1e4): undefined reference to `_sigbe'
/root/xc/inst/lib/gcc/aarch64-pc-cygwin/15.0.1/../../../../aarch64-pc-cygwin/bin/ld: libdll.a(malloc_wrapper.o):/root/xc/runtime/winsup/cygwin/mm/malloc_wrapper.cc:40: more undefined references to `_sigbe' follow
/root/xc/inst/lib/gcc/aarch64-pc-cygwin/15.0.1/../../../../aarch64-pc-cygwin/bin/ld: libdll.a(malloc_wrapper.o): in function `malloc_init':
/root/xc/runtime/winsup/cygwin/mm/malloc_wrapper.cc:322:(.text+0xc00): undefined reference to `_sigfe_malloc'
/root/xc/inst/lib/gcc/aarch64-pc-cygwin/15.0.1/../../../../aarch64-pc-cygwin/bin/ld: /root/xc/runtime/winsup/cygwin/mm/malloc_wrapper.cc:322:(.text+0xc04): undefined reference to `_sigfe_malloc'
/root/xc/inst/lib/gcc/aarch64-pc-cygwin/15.0.1/../../../../aarch64-pc-cygwin/bin/ld: libdll.a(mmap.o): in function `_ZN17fhandler_dev_zero4mmapEPPcmiil':
/root/xc/runtime/winsup/cygwin/mm/mmap.cc:1600:(.text+0x3548): undefined reference to `VirtualAlloc2'
/root/xc/inst/lib/gcc/aarch64-pc-cygwin/15.0.1/../../../../aarch64-pc-cygwin/bin/ld: /root/xc/runtime/winsup/cygwin/mm/mmap.cc:1604:(.text+0x36a4): undefined reference to `VirtualAlloc2'
/root/xc/inst/lib/gcc/aarch64-pc-cygwin/15.0.1/../../../../aarch64-pc-cygwin/bin/ld: libdll.a(net.o): in function `get_routedst':
/root/xc/runtime/winsup/cygwin/net.cc:1511:(.text+0x28): undefined reference to `GetIpForwardTable'
/root/xc/inst/lib/gcc/aarch64-pc-cygwin/15.0.1/../../../../aarch64-pc-cygwin/bin/ld: /root/xc/runtime/winsup/cygwin/net.cc:1513:(.text+0x98): undefined reference to `GetIpForwardTable'
/root/xc/inst/lib/gcc/aarch64-pc-cygwin/15.0.1/../../../../aarch64-pc-cygwin/bin/ld: libdll.a(net.o): in function `_Z19__set_winsock_errnoPKci':
/root/xc/runtime/winsup/cygwin/net.cc:236:(.text+0x1044): undefined reference to `WSAGetLastError'
/root/xc/inst/lib/gcc/aarch64-pc-cygwin/15.0.1/../../../../aarch64-pc-cygwin/bin/ld: libdll.a(net.o): in function `cygwin_getprotobyname':
/root/xc/runtime/winsup/cygwin/net.cc:509:(.text+0x16b8): undefined reference to `getprotobyname'
/root/xc/inst/lib/gcc/aarch64-pc-cygwin/15.0.1/../../../../aarch64-pc-cygwin/bin/ld: libdll.a(net.o): in function `cygwin_getprotobynumber':
/root/xc/runtime/winsup/cygwin/net.cc:520:(.text+0x178c): undefined reference to `getprotobynumber'
/root/xc/inst/lib/gcc/aarch64-pc-cygwin/15.0.1/../../../../aarch64-pc-cygwin/bin/ld: libdll.a(net.o): in function `cygwin_getservbyname':
/root/xc/runtime/winsup/cygwin/net.cc:730:(.text+0x25a4): undefined reference to `getservbyname'
/root/xc/inst/lib/gcc/aarch64-pc-cygwin/15.0.1/../../../../aarch64-pc-cygwin/bin/ld: libdll.a(net.o): in function `cygwin_getservbyport':
/root/xc/runtime/winsup/cygwin/net.cc:746:(.text+0x2700): undefined reference to `getservbyport'
/root/xc/inst/lib/gcc/aarch64-pc-cygwin/15.0.1/../../../../aarch64-pc-cygwin/bin/ld: libdll.a(net.o): in function `cygwin_gethostname':
/root/xc/runtime/winsup/cygwin/net.cc:762:(.text+0x2868): undefined reference to `GetNetworkParams'
/root/xc/inst/lib/gcc/aarch64-pc-cygwin/15.0.1/../../../../aarch64-pc-cygwin/bin/ld: /root/xc/runtime/winsup/cygwin/net.cc:764:(.text+0x28bc): undefined reference to `GetNetworkParams'
/root/xc/inst/lib/gcc/aarch64-pc-cygwin/15.0.1/../../../../aarch64-pc-cygwin/bin/ld: libdll.a(net.o): in function `getdomainname':
/root/xc/runtime/winsup/cygwin/net.cc:800:(.text+0x2b24): undefined reference to `GetNetworkParams'
/root/xc/inst/lib/gcc/aarch64-pc-cygwin/15.0.1/../../../../aarch64-pc-cygwin/bin/ld: /root/xc/runtime/winsup/cygwin/net.cc:802:(.text+0x2b78): undefined reference to `GetNetworkParams'
/root/xc/inst/lib/gcc/aarch64-pc-cygwin/15.0.1/../../../../aarch64-pc-cygwin/bin/ld: libdll.a(net.o): in function `cygwin_gethostbyname':
/root/xc/runtime/winsup/cygwin/net.cc:831:(.text+0x2d3c): undefined reference to `gethostbyname'
/root/xc/inst/lib/gcc/aarch64-pc-cygwin/15.0.1/../../../../aarch64-pc-cygwin/bin/ld: libdll.a(net.o): in function `set_host_errno':
/root/xc/runtime/winsup/cygwin/net.cc:261:(.text+0x2ec0): undefined reference to `WSAGetLastError'
/root/xc/inst/lib/gcc/aarch64-pc-cygwin/15.0.1/../../../../aarch64-pc-cygwin/bin/ld: libdll.a(net.o): in function `cygwin_gethostbyaddr':
/root/xc/runtime/winsup/cygwin/net.cc:874:(.text+0x2fa8): undefined reference to `gethostbyaddr'
/root/xc/inst/lib/gcc/aarch64-pc-cygwin/15.0.1/../../../../aarch64-pc-cygwin/bin/ld: libdll.a(net.o): in function `set_host_errno':
/root/xc/runtime/winsup/cygwin/net.cc:261:(.text+0x3090): undefined reference to `WSAGetLastError'
/root/xc/inst/lib/gcc/aarch64-pc-cygwin/15.0.1/../../../../aarch64-pc-cygwin/bin/ld: libdll.a(net.o): in function `_Z22get_adapters_addressesPP24_IP_ADAPTER_ADDRESSES_LHj':
/root/xc/runtime/winsup/cygwin/net.cc:1485:(.text+0x497c): undefined reference to `GetAdaptersAddresses'
/root/xc/inst/lib/gcc/aarch64-pc-cygwin/15.0.1/../../../../aarch64-pc-cygwin/bin/ld: /root/xc/runtime/winsup/cygwin/net.cc:1480:(.text+0x4a0c): undefined reference to `GetAdaptersAddresses'
/root/xc/inst/lib/gcc/aarch64-pc-cygwin/15.0.1/../../../../aarch64-pc-cygwin/bin/ld: libdll.a(net.o): in function `next_free_port':
/root/xc/runtime/winsup/cygwin/net.cc:2134:(.text+0x5a70): undefined reference to `GetTcp6Table'
/root/xc/inst/lib/gcc/aarch64-pc-cygwin/15.0.1/../../../../aarch64-pc-cygwin/bin/ld: /root/xc/runtime/winsup/cygwin/net.cc:2132:(.text+0x5b68): undefined reference to `GetTcpTable'
/root/xc/inst/lib/gcc/aarch64-pc-cygwin/15.0.1/../../../../aarch64-pc-cygwin/bin/ld: /root/xc/runtime/winsup/cygwin/net.cc:2132:(.text+0x5b90): undefined reference to `GetTcpTable'
/root/xc/inst/lib/gcc/aarch64-pc-cygwin/15.0.1/../../../../aarch64-pc-cygwin/bin/ld: libdll.a(net.o): in function `cygwin_getaddrinfo':
/root/xc/runtime/winsup/cygwin/net.cc:3102:(.text+0x6e2c): undefined reference to `GetAddrInfoW'
/root/xc/inst/lib/gcc/aarch64-pc-cygwin/15.0.1/../../../../aarch64-pc-cygwin/bin/ld: /root/xc/runtime/winsup/cygwin/net.cc:3116:(.text+0x6f78): undefined reference to `FreeAddrInfoW'
/root/xc/inst/lib/gcc/aarch64-pc-cygwin/15.0.1/../../../../aarch64-pc-cygwin/bin/ld: /root/xc/runtime/winsup/cygwin/net.cc:3109:(.text+0x711c): undefined reference to `GetAddrInfoW'
/root/xc/inst/lib/gcc/aarch64-pc-cygwin/15.0.1/../../../../aarch64-pc-cygwin/bin/ld: libdll.a(net.o): in function `cygwin_getnameinfo':
/root/xc/runtime/winsup/cygwin/net.cc:3161:(.text+0x723c): undefined reference to `GetNameInfoW'
/root/xc/inst/lib/gcc/aarch64-pc-cygwin/15.0.1/../../../../aarch64-pc-cygwin/bin/ld: libdll.a(passwd.o): in function `_ZN6pg_ent13enumerate_samEv':
/root/xc/runtime/winsup/cygwin/passwd.cc:531:(.text+0x668): undefined reference to `NetApiBufferFree'
/root/xc/inst/lib/gcc/aarch64-pc-cygwin/15.0.1/../../../../aarch64-pc-cygwin/bin/ld: /root/xc/runtime/winsup/cygwin/passwd.cc:537:(.text+0x6a0): undefined reference to `NetGroupEnum'
/root/xc/inst/lib/gcc/aarch64-pc-cygwin/15.0.1/../../../../aarch64-pc-cygwin/bin/ld: /root/xc/runtime/winsup/cygwin/passwd.cc:540:(.text+0x700): undefined reference to `NetUserEnum'
/root/xc/inst/lib/gcc/aarch64-pc-cygwin/15.0.1/../../../../aarch64-pc-cygwin/bin/ld: libdll.a(passwd.o): in function `_ZN6pg_ent6endentEb':
/root/xc/runtime/winsup/cygwin/passwd.cc:430:(.text+0x1a58): undefined reference to `NetApiBufferFree'
/root/xc/inst/lib/gcc/aarch64-pc-cygwin/15.0.1/../../../../aarch64-pc-cygwin/bin/ld: libdll.a(path.o): in function `_Z14symlink_workerPKcR9path_convb':
/root/xc/runtime/winsup/cygwin/path.cc:2505:(.text+0x8990): undefined reference to `CoTaskMemFree'
/root/xc/inst/lib/gcc/aarch64-pc-cygwin/15.0.1/../../../../aarch64-pc-cygwin/bin/ld: /root/xc/runtime/winsup/cygwin/path.cc:2423:(.text+0x8b50): undefined reference to `SHGetDesktopFolder'
/root/xc/inst/lib/gcc/aarch64-pc-cygwin/15.0.1/../../../../aarch64-pc-cygwin/bin/ld: libdll.a(sched.o): in function `sched_rr_get_interval':
/root/xc/runtime/winsup/cygwin/sched.cc:162:(.text+0xa04): undefined reference to `GetForegroundWindow'
/root/xc/inst/lib/gcc/aarch64-pc-cygwin/15.0.1/../../../../aarch64-pc-cygwin/bin/ld: /root/xc/runtime/winsup/cygwin/sched.cc:164:(.text+0xc68): undefined reference to `GetWindowThreadProcessId'
/root/xc/inst/lib/gcc/aarch64-pc-cygwin/15.0.1/../../../../aarch64-pc-cygwin/bin/ld: libdll.a(acl.o): in function `_Z16get_posix_accessPvRjPjS1_P3acliPb':
/root/xc/runtime/winsup/cygwin/sec/acl.cc:1076:(.text+0x3844): undefined reference to `CheckTokenMembership'
/root/xc/inst/lib/gcc/aarch64-pc-cygwin/15.0.1/../../../../aarch64-pc-cygwin/bin/ld: libdll.a(auth.o): in function `_Z19extract_nt_dom_userPK6passwdPwS2_':
/root/xc/runtime/winsup/cygwin/sec/auth.cc:119:(.text+0x528): undefined reference to `LookupAccountSidW'
/root/xc/inst/lib/gcc/aarch64-pc-cygwin/15.0.1/../../../../aarch64-pc-cygwin/bin/ld: libdll.a(auth.o): in function `cygwin_logon_user':
/root/xc/runtime/winsup/cygwin/sec/auth.cc:159:(.text+0x7c8): undefined reference to `LogonUserW'
/root/xc/inst/lib/gcc/aarch64-pc-cygwin/15.0.1/../../../../aarch64-pc-cygwin/bin/ld: /root/xc/runtime/winsup/cygwin/sec/auth.cc:159:(.text+0x8a4): undefined reference to `LogonUserW'
/root/xc/inst/lib/gcc/aarch64-pc-cygwin/15.0.1/../../../../aarch64-pc-cygwin/bin/ld: libdll.a(auth.o): in function `_Z17load_user_profilePvP6passwdR7cygpsid':
/root/xc/runtime/winsup/cygwin/sec/auth.cc:266:(.text+0xd3c): undefined reference to `NetUserGetInfo'
/root/xc/inst/lib/gcc/aarch64-pc-cygwin/15.0.1/../../../../aarch64-pc-cygwin/bin/ld: /root/xc/runtime/winsup/cygwin/sec/auth.cc:308:(.text+0xdcc): undefined reference to `LoadUserProfileW'
/root/xc/inst/lib/gcc/aarch64-pc-cygwin/15.0.1/../../../../aarch64-pc-cygwin/bin/ld: /root/xc/runtime/winsup/cygwin/sec/auth.cc:247:(.text+0xe4c): undefined reference to `CreateProfile'
/root/xc/inst/lib/gcc/aarch64-pc-cygwin/15.0.1/../../../../aarch64-pc-cygwin/bin/ld: /root/xc/runtime/winsup/cygwin/sec/auth.cc:277:(.text+0xe8c): undefined reference to `NetApiBufferFree'
/root/xc/inst/lib/gcc/aarch64-pc-cygwin/15.0.1/../../../../aarch64-pc-cygwin/bin/ld: /root/xc/runtime/winsup/cygwin/sec/auth.cc:277:(.text+0xf84): undefined reference to `NetApiBufferFree'
/root/xc/inst/lib/gcc/aarch64-pc-cygwin/15.0.1/../../../../aarch64-pc-cygwin/bin/ld: libdll.a(auth.o): in function `_Z15lsa_open_policyPwj':
/root/xc/runtime/winsup/cygwin/sec/auth.cc:326:(.text+0x1004): undefined reference to `LsaOpenPolicy'
/root/xc/inst/lib/gcc/aarch64-pc-cygwin/15.0.1/../../../../aarch64-pc-cygwin/bin/ld: /root/xc/runtime/winsup/cygwin/sec/auth.cc:326:(.text+0x1024): undefined reference to `LsaOpenPolicy'
/root/xc/inst/lib/gcc/aarch64-pc-cygwin/15.0.1/../../../../aarch64-pc-cygwin/bin/ld: libdll.a(auth.o): in function `_Z16lsa_close_policyPv':
/root/xc/runtime/winsup/cygwin/sec/auth.cc:339:(.text+0x1054): undefined reference to `LsaClose'
/root/xc/inst/lib/gcc/aarch64-pc-cygwin/15.0.1/../../../../aarch64-pc-cygwin/bin/ld: libdll.a(auth.o): in function `_Z16get_logon_serverPKwPwj':
/root/xc/runtime/winsup/cygwin/sec/auth.cc:358:(.text+0x10cc): undefined reference to `DsGetDcNameW'
/root/xc/inst/lib/gcc/aarch64-pc-cygwin/15.0.1/../../../../aarch64-pc-cygwin/bin/ld: /root/xc/runtime/winsup/cygwin/sec/auth.cc:362:(.text+0x1148): undefined reference to `NetApiBufferFree'
/root/xc/inst/lib/gcc/aarch64-pc-cygwin/15.0.1/../../../../aarch64-pc-cygwin/bin/ld: libdll.a(auth.o): in function `_Z15lsa_open_policyPwj':
/root/xc/runtime/winsup/cygwin/sec/auth.cc:326:(.text+0x17ec): undefined reference to `LsaOpenPolicy'
/root/xc/inst/lib/gcc/aarch64-pc-cygwin/15.0.1/../../../../aarch64-pc-cygwin/bin/ld: libdll.a(auth.o): in function `_Z14lsaprivkeyauthP6passwd':
/root/xc/runtime/winsup/cygwin/sec/auth.cc:609:(.text+0x186c): undefined reference to `LsaRetrievePrivateData'
/root/xc/inst/lib/gcc/aarch64-pc-cygwin/15.0.1/../../../../aarch64-pc-cygwin/bin/ld: libdll.a(auth.o): in function `_Z16lsa_close_policyPv':
/root/xc/runtime/winsup/cygwin/sec/auth.cc:339:(.text+0x1884): undefined reference to `LsaClose'
/root/xc/inst/lib/gcc/aarch64-pc-cygwin/15.0.1/../../../../aarch64-pc-cygwin/bin/ld: libdll.a(auth.o): in function `_Z14lsaprivkeyauthP6passwd':
/root/xc/runtime/winsup/cygwin/sec/auth.cc:635:(.text+0x1938): undefined reference to `LsaFreeMemory'
/root/xc/inst/lib/gcc/aarch64-pc-cygwin/15.0.1/../../../../aarch64-pc-cygwin/bin/ld: /root/xc/runtime/winsup/cygwin/sec/auth.cc:637:(.text+0x1960): undefined reference to `LogonUserW'
/root/xc/inst/lib/gcc/aarch64-pc-cygwin/15.0.1/../../../../aarch64-pc-cygwin/bin/ld: libdll.a(auth.o): in function `_Z16lsa_close_policyPv':
/root/xc/runtime/winsup/cygwin/sec/auth.cc:339:(.text+0x199c): undefined reference to `LsaClose'
/root/xc/inst/lib/gcc/aarch64-pc-cygwin/15.0.1/../../../../aarch64-pc-cygwin/bin/ld: libdll.a(auth.o): in function `_Z15lsa_open_policyPwj':
/root/xc/runtime/winsup/cygwin/sec/auth.cc:326:(.text+0x1a2c): undefined reference to `LsaOpenPolicy'
/root/xc/inst/lib/gcc/aarch64-pc-cygwin/15.0.1/../../../../aarch64-pc-cygwin/bin/ld: libdll.a(auth.o): in function `_Z14lsaprivkeyauthP6passwd':
/root/xc/runtime/winsup/cygwin/sec/auth.cc:619:(.text+0x1a88): undefined reference to `LsaRetrievePrivateData'
/root/xc/inst/lib/gcc/aarch64-pc-cygwin/15.0.1/../../../../aarch64-pc-cygwin/bin/ld: libdll.a(auth.o): in function `_Z16lsa_close_policyPv':
/root/xc/runtime/winsup/cygwin/sec/auth.cc:339:(.text+0x1a9c): undefined reference to `LsaClose'
/root/xc/inst/lib/gcc/aarch64-pc-cygwin/15.0.1/../../../../aarch64-pc-cygwin/bin/ld: /root/xc/runtime/winsup/cygwin/sec/auth.cc:339:(.text+0x1abc): undefined reference to `LsaClose'
/root/xc/inst/lib/gcc/aarch64-pc-cygwin/15.0.1/../../../../aarch64-pc-cygwin/bin/ld: libdll.a(auth.o): in function `_Z7s4uauthbPKwS0_Ri':
/root/xc/runtime/winsup/cygwin/sec/auth.cc:751:(.text+0x1be0): undefined reference to `LsaRegisterLogonProcess'
/root/xc/inst/lib/gcc/aarch64-pc-cygwin/15.0.1/../../../../aarch64-pc-cygwin/bin/ld: /root/xc/runtime/winsup/cygwin/sec/auth.cc:757:(.text+0x1ce4): undefined reference to `LsaConnectUntrusted'
/root/xc/inst/lib/gcc/aarch64-pc-cygwin/15.0.1/../../../../aarch64-pc-cygwin/bin/ld: /root/xc/runtime/winsup/cygwin/sec/auth.cc:889:(.text+0x1d24): undefined reference to `LsaDeregisterLogonProcess'
/root/xc/inst/lib/gcc/aarch64-pc-cygwin/15.0.1/../../../../aarch64-pc-cygwin/bin/ld: /root/xc/runtime/winsup/cygwin/sec/auth.cc:891:(.text+0x1d30): undefined reference to `LsaFreeReturnBuffer'
/root/xc/inst/lib/gcc/aarch64-pc-cygwin/15.0.1/../../../../aarch64-pc-cygwin/bin/ld: /root/xc/runtime/winsup/cygwin/sec/auth.cc:780:(.text+0x1de8): undefined reference to `LsaLookupAuthenticationPackage'
/root/xc/inst/lib/gcc/aarch64-pc-cygwin/15.0.1/../../../../aarch64-pc-cygwin/bin/ld: /root/xc/runtime/winsup/cygwin/sec/auth.cc:869:(.text+0x1f9c): undefined reference to `LsaLogonUser'
/root/xc/inst/lib/gcc/aarch64-pc-cygwin/15.0.1/../../../../aarch64-pc-cygwin/bin/ld: /root/xc/runtime/winsup/cygwin/sec/auth.cc:780:(.text+0x20bc): undefined reference to `LsaLookupAuthenticationPackage'
/root/xc/inst/lib/gcc/aarch64-pc-cygwin/15.0.1/../../../../aarch64-pc-cygwin/bin/ld: /root/xc/runtime/winsup/cygwin/sec/auth.cc:806:(.text+0x2164): undefined reference to `TranslateNameW'
/root/xc/inst/lib/gcc/aarch64-pc-cygwin/15.0.1/../../../../aarch64-pc-cygwin/bin/ld: /root/xc/runtime/winsup/cygwin/sec/auth.cc:814:(.text+0x21a0): undefined reference to `TranslateNameW'
/root/xc/inst/lib/gcc/aarch64-pc-cygwin/15.0.1/../../../../aarch64-pc-cygwin/bin/ld: libdll.a(auth.o): in function `_Z17get_server_groupsR10cygsidlistPv19acct_disabled_chk_t':
/root/xc/runtime/winsup/cygwin/sec/auth.cc:397:(.text+0x2440): undefined reference to `LookupAccountSidW'
/root/xc/inst/lib/gcc/aarch64-pc-cygwin/15.0.1/../../../../aarch64-pc-cygwin/bin/ld: libdll.a(base.o): in function `get_reg_sd':
/root/xc/runtime/winsup/cygwin/sec/base.cc:256:(.text+0x2c4): undefined reference to `RegGetKeySecurity'
/root/xc/inst/lib/gcc/aarch64-pc-cygwin/15.0.1/../../../../aarch64-pc-cygwin/bin/ld: /root/xc/runtime/winsup/cygwin/sec/base.cc:263:(.text+0x300): undefined reference to `RegGetKeySecurity'
/root/xc/inst/lib/gcc/aarch64-pc-cygwin/15.0.1/../../../../aarch64-pc-cygwin/bin/ld: libdll.a(helper.o): in function `_ZN9authz_ctxcvP31AUTHZ_RESOURCE_MANAGER_HANDLE__Ev':
/root/xc/runtime/winsup/cygwin/sec/helper.cc:789:(.text+0x1810): undefined reference to `AuthzInitializeResourceManager'
/root/xc/inst/lib/gcc/aarch64-pc-cygwin/15.0.1/../../../../aarch64-pc-cygwin/bin/ld: libdll.a(helper.o): in function `_ZN15authz_ctx_cache7contextEPv':
/root/xc/runtime/winsup/cygwin/sec/helper.cc:813:(.text+0x1940): undefined reference to `AuthzInitializeContextFromToken'
/root/xc/inst/lib/gcc/aarch64-pc-cygwin/15.0.1/../../../../aarch64-pc-cygwin/bin/ld: /root/xc/runtime/winsup/cygwin/sec/helper.cc:820:(.text+0x196c): undefined reference to `AuthzInitializeContextFromSid'
/root/xc/inst/lib/gcc/aarch64-pc-cygwin/15.0.1/../../../../aarch64-pc-cygwin/bin/ld: libdll.a(helper.o): in function `_ZN9authz_ctx18get_user_attributeEPjPvS1_':
/root/xc/runtime/winsup/cygwin/sec/helper.cc:882:(.text+0x1b34): undefined reference to `AuthzAccessCheck'
/root/xc/inst/lib/gcc/aarch64-pc-cygwin/15.0.1/../../../../aarch64-pc-cygwin/bin/ld: /root/xc/runtime/winsup/cygwin/sec/helper.cc:855:(.text+0x1c2c): undefined reference to `AuthzInitializeContextFromToken'
/root/xc/inst/lib/gcc/aarch64-pc-cygwin/15.0.1/../../../../aarch64-pc-cygwin/bin/ld: libdll.a(select.o): in function `peek_windows':
/root/xc/runtime/winsup/cygwin/select.cc:2084:(.text+0x1e10): undefined reference to `PeekMessageW'
/root/xc/inst/lib/gcc/aarch64-pc-cygwin/15.0.1/../../../../aarch64-pc-cygwin/bin/ld: libdll.a(select.o): in function `_ZN12select_stuff4waitEP6fd_setS1_S1_x':
/root/xc/runtime/winsup/cygwin/select.cc:429:(.text+0x3bcc): undefined reference to `MsgWaitForMultipleObjectsEx'
/root/xc/inst/lib/gcc/aarch64-pc-cygwin/15.0.1/../../../../aarch64-pc-cygwin/bin/ld: libdll.a(setlsapwd.o): in function `_Z9setlsapwdPKcS0_':
/root/xc/runtime/winsup/cygwin/setlsapwd.cc:73:(.text+0x1dc): undefined reference to `LsaStorePrivateData'
/root/xc/inst/lib/gcc/aarch64-pc-cygwin/15.0.1/../../../../aarch64-pc-cygwin/bin/ld: libdll.a(signal.o): in function `_Z14sigwait_commonPKmP9siginfo_tP14_LARGE_INTEGER':
/root/xc/runtime/winsup/cygwin/signal.cc:640:(.text+0x1f90): undefined reference to `sigdelayed'
/root/xc/inst/lib/gcc/aarch64-pc-cygwin/15.0.1/../../../../aarch64-pc-cygwin/bin/ld: /root/xc/runtime/winsup/cygwin/signal.cc:640:(.text+0x1f94): undefined reference to `sigdelayed'
/root/xc/inst/lib/gcc/aarch64-pc-cygwin/15.0.1/../../../../aarch64-pc-cygwin/bin/ld: libdll.a(spawn.o): in function `_ZN16child_info_spawn6workerEPKcPKS1_S3_iii':
/root/xc/runtime/winsup/cygwin/spawn.cc:674:(.text+0x1ac4): undefined reference to `GetProcessWindowStation'
/root/xc/inst/lib/gcc/aarch64-pc-cygwin/15.0.1/../../../../aarch64-pc-cygwin/bin/ld: /root/xc/runtime/winsup/cygwin/spawn.cc:676:(.text+0x1ad0): undefined reference to `GetThreadDesktop'
/root/xc/inst/lib/gcc/aarch64-pc-cygwin/15.0.1/../../../../aarch64-pc-cygwin/bin/ld: /root/xc/runtime/winsup/cygwin/spawn.cc:690:(.text+0x1b44): undefined reference to `CreateWindowStationW'
/root/xc/inst/lib/gcc/aarch64-pc-cygwin/15.0.1/../../../../aarch64-pc-cygwin/bin/ld: /root/xc/runtime/winsup/cygwin/spawn.cc:694:(.text+0x1b50): undefined reference to `SetProcessWindowStation'
/root/xc/inst/lib/gcc/aarch64-pc-cygwin/15.0.1/../../../../aarch64-pc-cygwin/bin/ld: /root/xc/runtime/winsup/cygwin/spawn.cc:707:(.text+0x1bc8): undefined reference to `CreateProcessAsUserW'
/root/xc/inst/lib/gcc/aarch64-pc-cygwin/15.0.1/../../../../aarch64-pc-cygwin/bin/ld: /root/xc/runtime/winsup/cygwin/spawn.cc:720:(.text+0x1bd8): undefined reference to `SetProcessWindowStation'
/root/xc/inst/lib/gcc/aarch64-pc-cygwin/15.0.1/../../../../aarch64-pc-cygwin/bin/ld: /root/xc/runtime/winsup/cygwin/spawn.cc:721:(.text+0x1be0): undefined reference to `CloseWindowStation'
/root/xc/inst/lib/gcc/aarch64-pc-cygwin/15.0.1/../../../../aarch64-pc-cygwin/bin/ld: /root/xc/runtime/winsup/cygwin/spawn.cc:725:(.text+0x1bec): undefined reference to `SetThreadDesktop'
/root/xc/inst/lib/gcc/aarch64-pc-cygwin/15.0.1/../../../../aarch64-pc-cygwin/bin/ld: /root/xc/runtime/winsup/cygwin/spawn.cc:726:(.text+0x1bf4): undefined reference to `CloseDesktop'
/root/xc/inst/lib/gcc/aarch64-pc-cygwin/15.0.1/../../../../aarch64-pc-cygwin/bin/ld: /root/xc/runtime/winsup/cygwin/spawn.cc:696:(.text+0x28fc): undefined reference to `CreateDesktopW'
/root/xc/inst/lib/gcc/aarch64-pc-cygwin/15.0.1/../../../../aarch64-pc-cygwin/bin/ld: libdll.a(syscalls.o): in function `open':
/root/xc/runtime/winsup/cygwin/syscalls.cc:1537:(.text+0x78ac): undefined reference to `SystemFunction036'
/root/xc/inst/lib/gcc/aarch64-pc-cygwin/15.0.1/../../../../aarch64-pc-cygwin/bin/ld: libdll.a(syslog.o): in function `connect_syslogd':
/root/xc/runtime/winsup/cygwin/syslog.cc:235:(.text+0x158): undefined reference to `GetUdpTable'
/root/xc/inst/lib/gcc/aarch64-pc-cygwin/15.0.1/../../../../aarch64-pc-cygwin/bin/ld: libdll.a(syslog.o): in function `vsyslog':
/root/xc/runtime/winsup/cygwin/syslog.cc:435:(.text+0x9f4): undefined reference to `RegisterEventSourceW'
/root/xc/inst/lib/gcc/aarch64-pc-cygwin/15.0.1/../../../../aarch64-pc-cygwin/bin/ld: /root/xc/runtime/winsup/cygwin/syslog.cc:445:(.text+0xac0): undefined reference to `ReportEventW'
/root/xc/inst/lib/gcc/aarch64-pc-cygwin/15.0.1/../../../../aarch64-pc-cygwin/bin/ld: /root/xc/runtime/winsup/cygwin/syslog.cc:448:(.text+0xad4): undefined reference to `DeregisterEventSource'
/root/xc/inst/lib/gcc/aarch64-pc-cygwin/15.0.1/../../../../aarch64-pc-cygwin/bin/ld: libdll.a(timerfd.o): in function `_ZN15timerfd_tracker24create_timechange_windowEv':
/root/xc/runtime/winsup/cygwin/timerfd.cc:32:(.text+0x5c): undefined reference to `DefWindowProcW'
/root/xc/inst/lib/gcc/aarch64-pc-cygwin/15.0.1/../../../../aarch64-pc-cygwin/bin/ld: /root/xc/runtime/winsup/cygwin/timerfd.cc:32:(.text+0x60): undefined reference to `DefWindowProcW'
/root/xc/inst/lib/gcc/aarch64-pc-cygwin/15.0.1/../../../../aarch64-pc-cygwin/bin/ld: /root/xc/runtime/winsup/cygwin/timerfd.cc:44:(.text+0x80): undefined reference to `RegisterClassW'
/root/xc/inst/lib/gcc/aarch64-pc-cygwin/15.0.1/../../../../aarch64-pc-cygwin/bin/ld: /root/xc/runtime/winsup/cygwin/timerfd.cc:49:(.text+0xe4): undefined reference to `CreateWindowExW'
/root/xc/inst/lib/gcc/aarch64-pc-cygwin/15.0.1/../../../../aarch64-pc-cygwin/bin/ld: libdll.a(timerfd.o): in function `_ZN15timerfd_tracker24delete_timechange_windowEv':
/root/xc/runtime/winsup/cygwin/timerfd.cc:60:(.text+0x15c): undefined reference to `DestroyWindow'
/root/xc/inst/lib/gcc/aarch64-pc-cygwin/15.0.1/../../../../aarch64-pc-cygwin/bin/ld: /root/xc/runtime/winsup/cygwin/timerfd.cc:62:(.text+0x18c): undefined reference to `UnregisterClassW'
/root/xc/inst/lib/gcc/aarch64-pc-cygwin/15.0.1/../../../../aarch64-pc-cygwin/bin/ld: /root/xc/runtime/winsup/cygwin/timerfd.cc:62:(.text+0x198): undefined reference to `UnregisterClassW'
/root/xc/inst/lib/gcc/aarch64-pc-cygwin/15.0.1/../../../../aarch64-pc-cygwin/bin/ld: libdll.a(timerfd.o): in function `_ZN15timerfd_tracker24handle_timechange_windowEv':
/root/xc/runtime/winsup/cygwin/timerfd.cc:70:(.text+0x1cc): undefined reference to `PeekMessageW'
/root/xc/inst/lib/gcc/aarch64-pc-cygwin/15.0.1/../../../../aarch64-pc-cygwin/bin/ld: /root/xc/runtime/winsup/cygwin/timerfd.cc:73:(.text+0x1e4): undefined reference to `DispatchMessageW'
/root/xc/inst/lib/gcc/aarch64-pc-cygwin/15.0.1/../../../../aarch64-pc-cygwin/bin/ld: libdll.a(timerfd.o): in function `_ZN15timerfd_tracker11thread_funcEv':
/root/xc/runtime/winsup/cygwin/timerfd.cc:121:(.text+0x33c): undefined reference to `MsgWaitForMultipleObjectsEx'
/root/xc/inst/lib/gcc/aarch64-pc-cygwin/15.0.1/../../../../aarch64-pc-cygwin/bin/ld: /root/xc/runtime/winsup/cygwin/timerfd.cc:142:(.text+0x378): undefined reference to `MsgWaitForMultipleObjectsEx'
/root/xc/inst/lib/gcc/aarch64-pc-cygwin/15.0.1/../../../../aarch64-pc-cygwin/bin/ld: libdll.a(timerfd.o): in function `_ZN15timerfd_tracker24delete_timechange_windowEv':
/root/xc/runtime/winsup/cygwin/timerfd.cc:60:(.text+0x3c8): undefined reference to `DestroyWindow'
/root/xc/inst/lib/gcc/aarch64-pc-cygwin/15.0.1/../../../../aarch64-pc-cygwin/bin/ld: /root/xc/runtime/winsup/cygwin/timerfd.cc:62:(.text+0x424): undefined reference to `UnregisterClassW'
/root/xc/inst/lib/gcc/aarch64-pc-cygwin/15.0.1/../../../../aarch64-pc-cygwin/bin/ld: libdll.a(uinfo.o): in function `_ZN12cygheap_user10env_domainEPKcm':
/root/xc/runtime/winsup/cygwin/uinfo.cc:490:(.text+0x11a8): undefined reference to `LookupAccountSidW'
/root/xc/inst/lib/gcc/aarch64-pc-cygwin/15.0.1/../../../../aarch64-pc-cygwin/bin/ld: libdll.a(uinfo.o): in function `_ZN12cygheap_user10ontherangeE10homebodiesP6passwd':
/root/xc/runtime/winsup/cygwin/uinfo.cc:389:(.text+0x1880): undefined reference to `NetUserGetInfo'
/root/xc/inst/lib/gcc/aarch64-pc-cygwin/15.0.1/../../../../aarch64-pc-cygwin/bin/ld: /root/xc/runtime/winsup/cygwin/uinfo.cc:403:(.text+0x18b8): undefined reference to `NetApiBufferFree'
/root/xc/inst/lib/gcc/aarch64-pc-cygwin/15.0.1/../../../../aarch64-pc-cygwin/bin/ld: libdll.a(uinfo.o): in function `_ZN19cygheap_domain_info4initEv':
/root/xc/runtime/winsup/cygwin/uinfo.cc:1335:(.text+0x3a14): undefined reference to `LsaQueryInformationPolicy'
/root/xc/inst/lib/gcc/aarch64-pc-cygwin/15.0.1/../../../../aarch64-pc-cygwin/bin/ld: /root/xc/runtime/winsup/cygwin/uinfo.cc:1347:(.text+0x3a5c): undefined reference to `LsaFreeMemory'
/root/xc/inst/lib/gcc/aarch64-pc-cygwin/15.0.1/../../../../aarch64-pc-cygwin/bin/ld: /root/xc/runtime/winsup/cygwin/uinfo.cc:1349:(.text+0x3a6c): undefined reference to `LsaQueryInformationPolicy'
/root/xc/inst/lib/gcc/aarch64-pc-cygwin/15.0.1/../../../../aarch64-pc-cygwin/bin/ld: /root/xc/runtime/winsup/cygwin/uinfo.cc:1362:(.text+0x3ac8): undefined reference to `LsaFreeMemory'
/root/xc/inst/lib/gcc/aarch64-pc-cygwin/15.0.1/../../../../aarch64-pc-cygwin/bin/ld: /root/xc/runtime/winsup/cygwin/uinfo.cc:1366:(.text+0x3af4): undefined reference to `DsEnumerateDomainTrustsW'
/root/xc/inst/lib/gcc/aarch64-pc-cygwin/15.0.1/../../../../aarch64-pc-cygwin/bin/ld: /root/xc/runtime/winsup/cygwin/uinfo.cc:1405:(.text+0x3c2c): undefined reference to `NetApiBufferFree'
/root/xc/inst/lib/gcc/aarch64-pc-cygwin/15.0.1/../../../../aarch64-pc-cygwin/bin/ld: libdll.a(uinfo.o): in function `_ZN6pwdgrp26fetch_account_from_windowsER16fetch_user_arg_tbP8cyg_ldap':
/root/xc/runtime/winsup/cygwin/uinfo.cc:2053:(.text+0x4aa0): undefined reference to `LookupAccountNameW'
/root/xc/inst/lib/gcc/aarch64-pc-cygwin/15.0.1/../../../../aarch64-pc-cygwin/bin/ld: /root/xc/runtime/winsup/cygwin/uinfo.cc:2009:(.text+0x5088): undefined reference to `LookupAccountSidW'
/root/xc/inst/lib/gcc/aarch64-pc-cygwin/15.0.1/../../../../aarch64-pc-cygwin/bin/ld: /root/xc/runtime/winsup/cygwin/uinfo.cc:2306:(.text+0x52b8): undefined reference to `LookupAccountSidW'
/root/xc/inst/lib/gcc/aarch64-pc-cygwin/15.0.1/../../../../aarch64-pc-cygwin/bin/ld: /root/xc/runtime/winsup/cygwin/uinfo.cc:2350:(.text+0x5338): undefined reference to `NetUserGetInfo'
/root/xc/inst/lib/gcc/aarch64-pc-cygwin/15.0.1/../../../../aarch64-pc-cygwin/bin/ld: /root/xc/runtime/winsup/cygwin/uinfo.cc:2355:(.text+0x534c): undefined reference to `NetApiBufferFree'
/root/xc/inst/lib/gcc/aarch64-pc-cygwin/15.0.1/../../../../aarch64-pc-cygwin/bin/ld: /root/xc/runtime/winsup/cygwin/uinfo.cc:2545:(.text+0x5694): undefined reference to `NetLocalGroupGetInfo'
/root/xc/inst/lib/gcc/aarch64-pc-cygwin/15.0.1/../../../../aarch64-pc-cygwin/bin/ld: /root/xc/runtime/winsup/cygwin/uinfo.cc:2053:(.text+0x593c): undefined reference to `LookupAccountNameW'
/root/xc/inst/lib/gcc/aarch64-pc-cygwin/15.0.1/../../../../aarch64-pc-cygwin/bin/ld: /root/xc/runtime/winsup/cygwin/uinfo.cc:2072:(.text+0x5a3c): undefined reference to `LookupAccountNameW'
/root/xc/inst/lib/gcc/aarch64-pc-cygwin/15.0.1/../../../../aarch64-pc-cygwin/bin/ld: /root/xc/runtime/winsup/cygwin/uinfo.cc:2523:(.text+0x5e98): undefined reference to `NetUserGetInfo'
/root/xc/inst/lib/gcc/aarch64-pc-cygwin/15.0.1/../../../../aarch64-pc-cygwin/bin/ld: /root/xc/runtime/winsup/cygwin/uinfo.cc:2561:(.text+0x6008): undefined reference to `NetApiBufferFree'
/root/xc/inst/lib/gcc/aarch64-pc-cygwin/15.0.1/../../../../aarch64-pc-cygwin/bin/ld: /root/xc/runtime/winsup/cygwin/uinfo.cc:2561:(.text+0x6508): undefined reference to `NetApiBufferFree'
/root/xc/inst/lib/gcc/aarch64-pc-cygwin/15.0.1/../../../../aarch64-pc-cygwin/bin/ld: /root/xc/runtime/winsup/cygwin/uinfo.cc:2559:(.text+0x66b0): undefined reference to `NetApiBufferFree'
/root/xc/inst/lib/gcc/aarch64-pc-cygwin/15.0.1/../../../../aarch64-pc-cygwin/bin/ld: /root/xc/runtime/winsup/cygwin/uinfo.cc:2355:(.text+0x6804): undefined reference to `NetApiBufferFree'
/root/xc/inst/lib/gcc/aarch64-pc-cygwin/15.0.1/../../../../aarch64-pc-cygwin/bin/ld: /root/xc/runtime/winsup/cygwin/uinfo.cc:2559:(.text+0x686c): undefined reference to `NetApiBufferFree'
/root/xc/inst/lib/gcc/aarch64-pc-cygwin/15.0.1/../../../../aarch64-pc-cygwin/bin/ld: libdll.a(window.o): in function `_ZN7wininfo7processEP6HWND__jyx':
/root/xc/runtime/winsup/cygwin/window.cc:35:(.text+0x54): undefined reference to `PostQuitMessage'
/root/xc/inst/lib/gcc/aarch64-pc-cygwin/15.0.1/../../../../aarch64-pc-cygwin/bin/ld: /root/xc/runtime/winsup/cygwin/window.cc:44:(.text+0x90): undefined reference to `DefWindowProcW'
/root/xc/inst/lib/gcc/aarch64-pc-cygwin/15.0.1/../../../../aarch64-pc-cygwin/bin/ld: /root/xc/runtime/winsup/cygwin/window.cc:35:(.text+0x114): undefined reference to `PostQuitMessage'
/root/xc/inst/lib/gcc/aarch64-pc-cygwin/15.0.1/../../../../aarch64-pc-cygwin/bin/ld: /root/xc/runtime/winsup/cygwin/window.cc:44:(.text+0x150): undefined reference to `DefWindowProcW'
/root/xc/inst/lib/gcc/aarch64-pc-cygwin/15.0.1/../../../../aarch64-pc-cygwin/bin/ld: libdll.a(window.o): in function `_ZN7wininfo9winthreadEv':
/root/xc/runtime/winsup/cygwin/window.cc:76:(.text+0x1d8): undefined reference to `RegisterClassW'
/root/xc/inst/lib/gcc/aarch64-pc-cygwin/15.0.1/../../../../aarch64-pc-cygwin/bin/ld: /root/xc/runtime/winsup/cygwin/window.cc:80:(.text+0x210): undefined reference to `CreateWindowExW'
/root/xc/inst/lib/gcc/aarch64-pc-cygwin/15.0.1/../../../../aarch64-pc-cygwin/bin/ld: /root/xc/runtime/winsup/cygwin/window.cc:90:(.text+0x23c): undefined reference to `DispatchMessageW'
/root/xc/inst/lib/gcc/aarch64-pc-cygwin/15.0.1/../../../../aarch64-pc-cygwin/bin/ld: /root/xc/runtime/winsup/cygwin/window.cc:89:(.text+0x250): undefined reference to `GetMessageW'
collect2: error: ld returned 1 exit status
